pid,arm,socratic,unrestricted,minivlat_recomputed,minivlat_c,aiuse,aiuse_c,confidence,IL_ave,EL_ave,GL_ave,mails,acc,n_items,n_correct,idk_rate,demo__Submission id,demo__Participant id,demo__Status,demo__Custom study tncs accepted at,demo__Started at,demo__Completed at,demo__Reviewed at,demo__Archived at,demo__Time taken,demo__Completion code,demo__Total approvals,demo__Fluent languages,demo__Current job role,demo__Age,demo__Sex,demo__Ethnicity simplified,demo__Country of birth,demo__Country of residence,demo__Nationality,demo__Language,demo__Student status,demo__Employment status,demo__Authenticity check: Bots,StartDate,has_demo_row,revoked,matched,age,age_c10,female,english_l1,uk_res,nonwhite,black,parttime,tech_job,student,log10_appr,appr_c,soc,unr
P002,unrestricted,0,1,6,-1.7889908256880735,3,-1.0596330275229358,,6.666666666666667,3.3333333333333335,1.0,,0.5,16,8,0.1875,,,,,,,,,,,,,,,,,,,,,,,,,False,False,0,,,,,,,,,,,,,0.0,1.0
P003,google,0,0,7,-0.7889908256880735,4,-0.059633027522935755,,9.0,4.666666666666667,6.0,,0.875,16,14,0.0,,,,,,,,,,,,,,,,,,,,,,,,,False,False,0,,,,,,,,,,,,,0.0,0.0
P004,google,0,0,11,3.2110091743119265,5,0.9403669724770642,,7.333333333333333,3.3333333333333335,3.3333333333333335,,0.6875,16,11,0.0,,,,,,,,,,,,,,,,,,,,,,,,,False,False,0,,,,,,,,,,,,,0.0,0.0
P005,unrestricted,0,1,8,0.21100917431192645,5,0.9403669724770642,,7.333333333333333,3.3333333333333335,1.0,,0.6875,16,11,0.0625,,,,,,,,,,,,,,,,,,,,,,,,,False,False,0,,,,,,,,,,,,,0.0,1.0
P006,google,0,0,10,2.2110091743119265,2,-2.0596330275229358,,5.0,6.0,2.6666666666666665,,0.8125,16,13,0.0625,,,,,,,,,,,,,,,,,,,,,,,,,False,False,0,,,,,,,,,,,,,0.0,0.0
P007,unrestricted,0,1,4,-3.7889908256880735,4,-0.059633027522935755,,7.333333333333333,7.0,5.333333333333333,,0.625,16,10,0.0625,,,,,,,,,,,,,,,,,,,,,,,,,False,False,0,,,,,,,,,,,,,0.0,1.0
P008,socratic,1,0,9,1.2110091743119265,3,-1.0596330275229358,,3.3333333333333335,3.0,8.0,,0.875,16,14,0.0,,,,,,,,,,,,,,,,,,,,,,,,,False,False,0,,,,,,,,,,,,,1.0,0.0
P009,google,0,0,6,-1.7889908256880735,4,-0.059633027522935755,,7.333333333333333,5.0,6.666666666666667,,0.3125,16,5,0.375,,,,,,,,,,,,,,,,,,,,,,,,,False,False,0,,,,,,,,,,,,,0.0,0.0
P010,google,0,0,11,3.2110091743119265,5,0.9403669724770642,,8.666666666666666,3.3333333333333335,4.333333333333333,,0.875,16,14,0.0,,,,,,,,,,,,,,,,,,,,,,,,,False,False,0,,,,,,,,,,,,,0.0,0.0
P011,unrestricted,0,1,9,1.2110091743119265,5,0.9403669724770642,,8.0,2.0,4.666666666666667,,0.875,16,14,0.0,,,,,,,,,,,,,,,,,,,,,,,,,False,False,0,,,,,,,,,,,,,0.0,1.0
P012,socratic,1,0,5,-2.7889908256880735,5,0.9403669724770642,,6.666666666666667,5.333333333333333,3.0,,0.875,16,14,0.0,,,,,,,,,,,,,,,,,,,,,,,,,False,False,0,,,,,,,,,,,,,1.0,0.0
P013,socratic,1,0,8,0.21100917431192645,4,-0.059633027522935755,,9.0,5.666666666666667,6.0,,0.6875,16,11,0.0,,,,,,,,,,,,,,,,,,,,,,,,,False,False,0,,,,,,,,,,,,,1.0,0.0
P014,unrestricted,0,1,8,0.21100917431192645,5,0.9403669724770642,,6.666666666666667,5.666666666666667,4.333333333333333,,0.625,16,10,0.0625,,,,,,,,,,,,,,,,,,,,,,,,,False,False,0,,,,,,,,,,,,,0.0,1.0
P015,socratic,1,0,0,-7.7889908256880735,2,-2.0596330275229358,,10.0,10.0,0.0,,0.1875,16,3,0.75,,,,,,,,,,,,,,,,,,,,,,,,,False,False,0,,,,,,,,,,,,,1.0,0.0
P016,google,0,0,7,-0.7889908256880735,4,-0.059633027522935755,,6.666666666666667,4.0,7.666666666666667,,1.0,16,16,0.0,,,,,,,,,,,,,,,,,,,,,,,,,False,False,0,,,,,,,,,,,,,0.0,0.0
P017,socratic,1,0,6,-1.7889908256880735,5,0.9403669724770642,,6.0,6.333333333333333,6.333333333333333,,0.875,16,14,0.0,,,,,,,,,,,,,,,,,,,,,,,,,False,False,0,,,,,,,,,,,,,1.0,0.0
P018,socratic,1,0,10,2.2110091743119265,5,0.9403669724770642,,7.666666666666667,6.0,3.3333333333333335,,0.8125,16,13,0.0,,,,,,,,,,,,,,,,,,,,,,,,,False,False,0,,,,,,,,,,,,,1.0,0.0
P019,unrestricted,0,1,8,0.21100917431192645,4,-0.059633027522935755,,7.333333333333333,4.0,2.3333333333333335,,0.6875,16,11,0.125,,,,,,,,,,,,,,,,,,,,,,,,,False,False,0,,,,,,,,,,,,,0.0,1.0
P020,socratic,1,0,10,2.2110091743119265,5,0.9403669724770642,,8.0,8.0,2.0,,0.5625,16,9,0.25,,,,,,,,,,,,,,,,,,,,,,,,,False,False,0,,,,,,,,,,,,,1.0,0.0
P021,google,0,0,10,2.2110091743119265,5,0.9403669724770642,,8.333333333333334,4.0,1.6666666666666667,,0.8125,16,13,0.0625,,,,,,,,,,,,,,,,,,,,,,,,,False,False,0,,,,,,,,,,,,,0.0,0.0
P022,unrestricted,0,1,10,2.2110091743119265,3,-1.0596330275229358,,7.333333333333333,1.6666666666666667,5.666666666666667,,0.75,16,12,0.0625,,,,,,,,,,,,,,,,,,,,,,,,,False,False,0,,,,,,,,,,,,,0.0,1.0
P023,socratic,1,0,0,-7.7889908256880735,5,0.9403669724770642,,6.333333333333333,0.3333333333333333,8.666666666666666,,0.9375,16,15,0.0,,,,,,,,,,,,,,,,,,,,,,,,,False,False,0,,,,,,,,,,,,,1.0,0.0
P024,google,0,0,8,0.21100917431192645,5,0.9403669724770642,,1.0,1.6666666666666667,1.3333333333333333,,0.9375,16,15,0.0,,,,,,,,,,,,,,,,,,,,,,,,,False,False,0,,,,,,,,,,,,,0.0,0.0
P025,unrestricted,0,1,8,0.21100917431192645,1,-3.0596330275229358,,8.0,4.333333333333333,1.0,,0.75,16,12,0.0625,,,,,,,,,,,,,,,,,,,,,,,,,False,False,0,,,,,,,,,,,,,0.0,1.0
P026,socratic,1,0,10,2.2110091743119265,4,-0.059633027522935755,,8.333333333333334,6.333333333333333,2.0,,0.3125,16,5,0.25,,,,,,,,,,,,,,,,,,,,,,,,,False,False,0,,,,,,,,,,,,,1.0,0.0
P027,unrestricted,0,1,6,-1.7889908256880735,5,0.9403669724770642,,7.0,5.333333333333333,7.0,,0.75,16,12,0.0,,,,,,,,,,,,,,,,,,,,,,,,,False,False,0,,,,,,,,,,,,,0.0,1.0
P028,google,0,0,8,0.21100917431192645,4,-0.059633027522935755,,9.333333333333334,7.0,2.3333333333333335,,0.9375,16,15,0.0,,,,,,,,,,,,,,,,,,,,,,,,,False,False,0,,,,,,,,,,,,,0.0,0.0
P029,socratic,1,0,8,0.21100917431192645,5,0.9403669724770642,,9.666666666666666,3.3333333333333335,8.666666666666666,,0.4375,16,7,0.125,,,,,,,,,,,,,,,,,,,,,,,,,False,False,0,,,,,,,,,,,,,1.0,0.0
P032,unrestricted,0,1,10,2.2110091743119265,5,0.9403669724770642,,6.333333333333333,6.0,6.333333333333333,,0.6875,16,11,0.0625,,,,,,,,,,,,,,,,,,,,,,,,,False,False,0,,,,,,,,,,,,,0.0,1.0
P036,socratic,1,0,10,2.2110091743119265,5,0.9403669724770642,,7.0,3.6666666666666665,3.0,,0.75,16,12,0.0625,X74bb59e7ab,P036,APPROVED,Not Applicable,2026-07-17T17:55:21.162000Z,2026-07-17T18:09:59.602000Z,2026-07-17T18:10:00.107000Z,2026-07-17T18:11:00.045822Z,879.0,C41KI5X9,585,"Belarusian, English, Russian",Software Engineer / Developer,25,Male,White,Belarus,Poland,Belarus,Russian,No,Full-Time,high,2026-07-17 11:55:23,True,False,1,25.0,-1.182142857142857,0.0,0.0,0.0,0.0,0.0,0.0,1.0,0.0,2.7671558660821804,0.31194673934433537,1.0,0.0
P037,socratic,1,0,11,3.2110091743119265,3,-1.0596330275229358,,7.0,4.666666666666667,5.333333333333333,,0.6875,16,11,0.0,X382e51cb08,P037,APPROVED,Not Applicable,2026-07-17T17:55:49.283000Z,2026-07-17T18:11:18.374000Z,2026-07-17T18:11:18.902000Z,2026-07-17T18:12:18.860134Z,930.0,C41KI5X9,56,"English, French",Data Analyst,31,Male,White,Spain,Spain,Spain,Spanish,No,Full-Time,high,2026-07-17 11:55:52,True,False,1,31.0,-0.582142857142857,0.0,0.0,0.0,0.0,0.0,0.0,1.0,0.0,1.7481880270062005,-0.7070210997316446,1.0,0.0
P038,unrestricted,0,1,10,2.2110091743119265,3,-1.0596330275229358,,5.333333333333333,1.6666666666666667,4.0,,0.625,16,10,0.0,X94b5f54e32,P038,APPROVED,Not Applicable,2026-07-17T17:55:53.991000Z,2026-07-17T18:11:51.223000Z,2026-07-17T18:11:51.747000Z,2026-07-17T18:12:51.692566Z,958.0,C41KI5X9,332,English,Accountant,31,Female,White,France,France,France,French,No,Full-Time,high,2026-07-17 11:55:57,True,False,1,31.0,-0.582142857142857,1.0,0.0,0.0,0.0,0.0,0.0,0.0,0.0,2.5211380837040362,0.06592895696619117,0.0,1.0
P039,google,0,0,9,1.2110091743119265,3,-1.0596330275229358,,9.333333333333334,0.3333333333333333,4.0,,0.625,16,10,0.0,X0504bb0ae4,P039,APPROVED,Not Applicable,2026-07-17T17:55:33.066000Z,2026-07-17T18:12:16.609000Z,2026-07-17T18:12:17.128000Z,2026-07-17T18:13:17.061227Z,1004.0,C41KI5X9,1221,English,Contract Manager,34,Male,Other,Germany,Germany,Germany,German,No,Full-Time,high,2026-07-17 11:55:39,True,False,1,34.0,-0.2821428571428569,0.0,0.0,0.0,1.0,0.0,0.0,0.0,0.0,3.0867156639448825,0.6315065372070374,0.0,0.0
P040,google,0,0,4,-3.7889908256880735,3,-1.0596330275229358,,7.0,6.0,6.0,,0.25,16,4,0.125,Xd00772190e,P040,APPROVED,Not Applicable,2026-07-17T17:55:57.928000Z,2026-07-17T18:13:18.573000Z,2026-07-17T18:13:19.044000Z,2026-07-17T18:14:18.971211Z,1041.0,C41KI5X9,461,English,Physiotherapist / Physical Therapist,62,Female,White,United Kingdom,United Kingdom,United Kingdom,English,No,Full-Time,high,2026-07-17 11:56:02,True,False,1,62.0,2.5178571428571432,1.0,1.0,1.0,0.0,0.0,0.0,0.0,0.0,2.663700925389648,0.2084917986518029,0.0,0.0
P041,unrestricted,0,1,3,-4.7889908256880735,5,0.9403669724770642,,9.0,0.0,5.666666666666667,,0.625,16,10,0.1875,X29885de107,P041,APPROVED,Not Applicable,2026-07-17T17:55:52.724000Z,2026-07-17T18:18:02.439000Z,2026-07-17T18:18:02.894000Z,2026-07-17T18:19:02.897929Z,1330.0,C41KI5X9,2335,"English, Portuguese",Customer Service Representative,31,Female,Mixed,Portugal,United Kingdom,Portugal,Portuguese,No,Part-Time,high,2026-07-17 11:55:57,True,False,1,31.0,-0.582142857142857,1.0,0.0,1.0,1.0,0.0,1.0,0.0,0.0,3.368286884902131,0.9130777581642859,0.0,1.0
P042,unrestricted,0,1,10,2.2110091743119265,4,-0.059633027522935755,,5.333333333333333,4.333333333333333,5.333333333333333,,0.9375,16,15,0.0,Xd7a9d05b52,P042,APPROVED,Not Applicable,2026-07-17T17:55:51.339000Z,2026-07-17T18:18:23.726000Z,2026-07-17T18:18:26.726000Z,2026-07-17T18:19:24.163350Z,1353.0,C41KI5X9,155,"English, Spanish, Catalan",Software Engineer / Developer,27,Male,White,Spain,Spain,Spain,Spanish,No,Full-Time,high,2026-07-17 11:55:54,True,False,1,27.0,-0.982142857142857,0.0,0.0,0.0,0.0,0.0,0.0,1.0,0.0,2.1903316981702914,-0.2648774285675537,0.0,1.0
P043,google,0,0,11,3.2110091743119265,3,-1.0596330275229358,,8.0,2.0,3.0,,0.875,16,14,0.0,Xce6a475c34,P043,APPROVED,Not Applicable,2026-07-17T17:55:50.774000Z,2026-07-17T18:19:20.704000Z,2026-07-17T18:19:21.204000Z,2026-07-17T18:20:21.172921Z,1410.0,C41KI5X9,333,"Italian, Spanish, English, French, German",Accountant,31,Male,White,Italy,Italy,Italy,Italian,Yes,Full-Time,high,2026-07-17 11:55:53,True,False,1,31.0,-0.582142857142857,0.0,0.0,0.0,0.0,0.0,0.0,0.0,1.0,2.5224442335063197,0.06723510676847466,0.0,0.0
P044,google,0,0,10,2.2110091743119265,4,-0.059633027522935755,,7.333333333333333,5.666666666666667,3.6666666666666665,,0.8125,16,13,0.125,X4cd5c2815d,P044,APPROVED,Not Applicable,2026-07-17T17:56:05.752000Z,2026-07-17T18:19:22.165000Z,2026-07-17T18:19:22.635000Z,2026-07-17T18:20:22.594341Z,1397.0,C41KI5X9,327,"Spanish, English",IT Quality / Testing Specialist,28,Male,White,Spain,Spain,Spain,Spanish,No,Part-Time,high,2026-07-17 11:56:07,True,False,1,28.0,-0.8821428571428569,0.0,0.0,0.0,0.0,0.0,1.0,1.0,0.0,2.514547752660286,0.05933862592244088,0.0,0.0
P045,socratic,1,0,9,1.2110091743119265,4,-0.059633027522935755,,7.0,3.6666666666666665,4.666666666666667,,0.875,16,14,0.0,X7bcb1644c8,P045,APPROVED,Not Applicable,2026-07-17T17:55:28.975000Z,2026-07-17T18:20:20.091000Z,2026-07-17T18:20:20.623000Z,2026-07-17T18:21:20.551423Z,1492.0,C41KI5X9,244,"English, Spanish",Program Manager,39,Male,White,Portugal,Portugal,Portugal,Portuguese,No,Full-Time,high,2026-07-17 11:55:31,True,False,1,39.0,0.21785714285714305,0.0,0.0,0.0,0.0,0.0,0.0,0.0,0.0,2.387389826338729,-0.06781930039911588,1.0,0.0
P046,unrestricted,0,1,10,2.2110091743119265,4,-0.059633027522935755,,6.333333333333333,1.6666666666666667,6.333333333333333,,0.75,16,12,0.0,Xb73be200c5,P046,APPROVED,Not Applicable,2026-07-17T17:55:13.641000Z,2026-07-17T18:20:32.935000Z,2026-07-17T18:20:33.502000Z,2026-07-17T18:21:33.521206Z,1520.0,C41KI5X9,129,English,Software Engineer / Developer,26,Male,White,United States,Romania,Romania,English,No,Full-Time,high,2026-07-17 11:55:48,True,False,1,26.0,-1.0821428571428569,0.0,1.0,0.0,0.0,0.0,0.0,1.0,0.0,2.110589710299249,-0.3446194164385963,0.0,1.0
P047,google,0,0,11,3.2110091743119265,4,-0.059633027522935755,,6.333333333333333,5.666666666666667,7.666666666666667,,1.0,16,16,0.0,X3edbdb924e,P047,APPROVED,Not Applicable,2026-07-17T17:57:06.147000Z,2026-07-17T18:21:36.140000Z,2026-07-17T18:21:36.634000Z,2026-07-17T18:22:36.576440Z,1470.0,C41KI5X9,19,"English, German",Director,38,Male,White,Serbia,Germany,Serbia,Serbian,No,Full-Time,high,2026-07-17 11:57:09,True,False,1,38.0,0.11785714285714306,0.0,0.0,0.0,0.0,0.0,0.0,0.0,0.0,1.2787536009528289,-1.1764555257850162,0.0,0.0
P048,google,0,0,8,0.21100917431192645,4,-0.059633027522935755,,4.666666666666667,6.666666666666667,5.333333333333333,,0.625,16,10,0.0,Xeb3f2717cd,P048,APPROVED,Not Applicable,2026-07-17T17:58:46.309000Z,2026-07-17T18:21:50.440000Z,2026-07-17T18:21:50.935000Z,2026-07-17T18:22:50.877569Z,1385.0,C41KI5X9,145,"Romanian, English",Financial Analyst,25,Male,White,Romania,Italy,Romania,Italian,Yes,Full-Time,high,2026-07-17 11:58:48,True,False,1,25.0,-1.182142857142857,0.0,0.0,0.0,0.0,0.0,0.0,0.0,1.0,2.161368002234975,-0.29384112450287025,0.0,0.0
P049,socratic,1,0,9,1.2110091743119265,5,0.9403669724770642,,4.333333333333333,1.0,7.666666666666667,,0.75,16,12,0.0,X30aaf51f4e,P049,APPROVED,Not Applicable,2026-07-17T17:55:20.963000Z,2026-07-17T18:22:34.331000Z,2026-07-17T18:22:34.821000Z,2026-07-17T18:23:34.776204Z,1634.0,C41KI5X9,483,"English, Spanish, Dutch, French",Architectural Technician,27,Male,White,Spain,Spain,Spain,Spanish,No,Full-Time,high,2026-07-17 11:55:24,True,False,1,27.0,-0.982142857142857,0.0,0.0,0.0,0.0,0.0,0.0,0.0,0.0,2.683947130751512,0.22873800401366706,1.0,0.0
P050,unrestricted,0,1,8,0.21100917431192645,3,-1.0596330275229358,,7.0,6.333333333333333,4.0,,0.625,16,10,0.3125,Xa4ec86aeeb,P050,APPROVED,Not Applicable,2026-07-17T18:01:21.257000Z,2026-07-17T18:28:37.436000Z,2026-07-17T18:28:37.936000Z,2026-07-17T18:29:37.890627Z,1637.0,C41KI5X9,1475,English,IT Quality / Testing Specialist,37,Female,White,United Kingdom,United Kingdom,United Kingdom,English,Yes,Part-Time,high,2026-07-17 12:01:23,True,False,1,37.0,0.01785714285714306,1.0,1.0,1.0,0.0,0.0,1.0,1.0,1.0,3.1687920203141817,0.7135828935763366,0.0,1.0
P051,socratic,1,0,5,-2.7889908256880735,5,0.9403669724770642,,9.333333333333334,5.0,7.0,,0.5625,16,9,0.0,Xadf0a5f9a3,P051,APPROVED,Not Applicable,2026-07-17T17:56:05.073000Z,2026-07-17T18:30:00.346000Z,2026-07-17T18:30:00.906000Z,2026-07-17T18:31:00.875776Z,2036.0,C41KI5X9,147,"English, Swahili",Administrative Assistant / Secretary (Secretary / Personal Assistant),29,Male,Black,Kenya,United Kingdom,United Kingdom,English,Yes,Full-Time,high,2026-07-17 11:56:10,True,False,1,29.0,-0.7821428571428569,0.0,1.0,1.0,1.0,1.0,0.0,0.0,1.0,2.167317334748176,-0.2878917919896691,1.0,0.0
P052,unrestricted,0,1,8,0.21100917431192645,4,-0.059633027522935755,,4.666666666666667,0.3333333333333333,5.333333333333333,,0.6875,16,11,0.0,X46d6dca514,P052,APPROVED,Not Applicable,2026-07-17T17:57:48.944000Z,2026-07-17T18:31:25.738000Z,2026-07-17T18:31:26.271000Z,2026-07-17T18:32:26.266697Z,2017.0,C41KI5X9,478,"English, Spanish",HR Manager / Specialist,34,Male,Black,United Kingdom,United Kingdom,United Kingdom,English,No,Full-Time,high,2026-07-17 11:57:54,True,False,1,34.0,-0.2821428571428569,0.0,1.0,1.0,1.0,1.0,0.0,0.0,0.0,2.6794278966121188,0.2242187698742737,0.0,1.0
P053,google,0,0,6,-1.7889908256880735,5,0.9403669724770642,,8.666666666666666,2.0,8.0,,0.625,16,10,0.125,Xe0373b8fa1,P053,APPROVED,Not Applicable,2026-07-17T18:11:56.359000Z,2026-07-17T18:36:24.977000Z,2026-07-17T18:36:26.037000Z,2026-07-17T18:37:26.025901Z,1469.0,C41KI5X9,62,English,Office Administrator,26,Female,White,United Kingdom,United Kingdom,United Kingdom,English,No,Full-Time,high,2026-07-17 12:11:59,True,False,1,26.0,-1.0821428571428569,1.0,1.0,1.0,0.0,0.0,0.0,0.0,0.0,1.792391689498254,-0.6628174372395912,0.0,0.0
P054,socratic,1,0,5,-2.7889908256880735,3,-1.0596330275229358,,6.666666666666667,1.6666666666666667,6.666666666666667,,0.8125,16,13,0.0,X18015a2548,P054,APPROVED,Not Applicable,2026-07-17T17:56:18.939000Z,2026-07-17T18:38:31.046000Z,2026-07-17T18:38:31.549000Z,2026-07-17T18:39:31.530536Z,2533.0,C41KI5X9,472,"English, Spanish",Customer Service Representative,60,Female,White,Spain,Spain,Spain,Spanish,No,Part-Time,high,2026-07-17 11:56:21,True,False,1,60.0,2.317857142857143,1.0,0.0,0.0,0.0,0.0,1.0,0.0,0.0,2.673941998634088,0.2187328718962429,1.0,0.0
P055,unrestricted,0,1,10,2.2110091743119265,3,-1.0596330275229358,,9.0,6.666666666666667,4.0,,0.625,16,10,0.125,X303f9da55c,P055,APPROVED,Not Applicable,2026-07-17T18:12:35.503000Z,2026-07-17T18:39:41.243000Z,2026-07-17T18:39:41.757000Z,2026-07-17T18:40:41.724770Z,1626.0,C41KI5X9,256,"English, German, Polish",Accountant,37,Female,White,Poland,Poland,Poland,Polish,No,Full-Time,high,2026-07-17 12:12:39,True,False,1,37.0,0.01785714285714306,1.0,0.0,0.0,0.0,0.0,0.0,0.0,0.0,2.4082399653118496,-0.0469691614259955,0.0,1.0
P056,socratic,1,0,10,2.2110091743119265,4,-0.059633027522935755,,7.0,5.666666666666667,2.6666666666666665,,0.875,16,14,0.0,Xb62d0204fe,P056,APPROVED,Not Applicable,2026-07-17T18:14:13.788000Z,2026-07-17T18:42:42.711000Z,2026-07-17T18:42:43.324000Z,2026-07-17T18:43:43.270062Z,1709.0,C41KI5X9,621,English,Administrative Assistant / Secretary (Secretary / Personal Assistant),33,Male,Asian,Nepal,United Kingdom,United Kingdom,Nepali,No,Part-Time,high,2026-07-17 12:14:16,True,False,1,33.0,-0.38214285714285695,0.0,0.0,1.0,1.0,0.0,1.0,0.0,0.0,2.79309160017658,0.3378824734387349,1.0,0.0
P057,unrestricted,0,1,11,3.2110091743119265,4,-0.059633027522935755,,5.666666666666667,1.3333333333333333,5.666666666666667,,0.875,16,14,0.0625,X89b3a1a34e,P057,APPROVED,Not Applicable,2026-07-17T18:21:33.370000Z,2026-07-17T18:42:49.676000Z,2026-07-17T18:42:50.352000Z,2026-07-17T18:43:50.298880Z,1277.0,C41KI5X9,116,"French, English",Postdoctoral Researcher,32,Male,White,United Kingdom,France,France,French,No,Full-Time,high,2026-07-17 12:21:36,True,False,1,32.0,-0.48214285714285693,0.0,0.0,0.0,0.0,0.0,0.0,0.0,0.0,2.0644579892269186,-0.3907511375109265,0.0,1.0
P058,socratic,1,0,7,-0.7889908256880735,4,-0.059633027522935755,,6.666666666666667,5.333333333333333,5.0,,0.5,16,8,0.3125,X4278a54fb4,P058,APPROVED,Not Applicable,2026-07-17T17:55:46.152000Z,2026-07-17T18:43:11.002000Z,2026-07-17T18:43:11.513000Z,2026-07-17T18:44:11.449555Z,2845.0,C41KI5X9,177,"English, German",Data Analyst,28,Male,Black,Germany,Germany,Germany,English,No,Full-Time,high,2026-07-17 11:55:52,True,False,1,28.0,-0.8821428571428569,0.0,1.0,0.0,1.0,1.0,0.0,1.0,0.0,2.247973266361807,-0.20723586037603825,1.0,0.0
P059,unrestricted,0,1,12,4.2110091743119265,5,0.9403669724770642,,6.0,1.6666666666666667,6.666666666666667,,0.875,16,14,0.0,X4140da228e,P059,APPROVED,Not Applicable,2026-07-17T18:18:18.007000Z,2026-07-17T18:44:11.071000Z,2026-07-17T18:44:11.573000Z,2026-07-17T18:45:11.496013Z,1554.0,C41KI5X9,342,"English, French",Software Engineer / Developer,28,Male,Mixed,Spain,Spain,Spain,Spanish,Yes,Part-Time,high,2026-07-17 12:19:49,True,False,1,28.0,-0.8821428571428569,0.0,0.0,0.0,1.0,0.0,1.0,1.0,1.0,2.534026106056135,0.07881697931828979,0.0,1.0
P060,google,0,0,9,1.2110091743119265,5,0.9403669724770642,,7.666666666666667,4.0,6.333333333333333,,0.875,16,14,0.125,Xd1ab158756,P060,APPROVED,Not Applicable,2026-07-17T17:55:10.352000Z,2026-07-17T18:44:31.881000Z,2026-07-17T18:44:32.384000Z,2026-07-17T18:45:32.294088Z,2962.0,C41KI5X9,191,English,Data Engineer,27,Male,White,Portugal,Portugal,Portugal,Portuguese,No,Full-Time,high,2026-07-17 11:55:47,True,False,1,27.0,-0.982142857142857,0.0,0.0,0.0,0.0,0.0,0.0,1.0,0.0,2.2810333672477277,-0.17417575949011743,0.0,0.0
P061,socratic,1,0,11,3.2110091743119265,5,0.9403669724770642,,8.666666666666666,7.666666666666667,7.333333333333333,,0.875,16,14,0.0,X2ed1883972,P061,APPROVED,Not Applicable,2026-07-17T18:21:57.398000Z,2026-07-17T18:45:53.301000Z,2026-07-17T18:45:53.768000Z,2026-07-17T18:46:53.693783Z,1436.0,C41KI5X9,157,"English, German",IT Project Manager,47,Male,White,Spain,Spain,Spain,Spanish,No,Full-Time,high,2026-07-17 12:22:00,True,False,1,47.0,1.017857142857143,0.0,0.0,0.0,0.0,0.0,0.0,1.0,0.0,2.1958996524092336,-0.2593094743286115,1.0,0.0
P062,unrestricted,0,1,10,2.2110091743119265,4,-0.059633027522935755,,5.666666666666667,6.333333333333333,1.3333333333333333,,0.8125,16,13,0.0625,X6c9c818ba2,P062,APPROVED,Not Applicable,2026-07-17T18:23:22.298000Z,2026-07-17T18:46:32.919000Z,2026-07-17T18:46:33.439000Z,2026-07-17T18:47:33.386791Z,1391.0,C41KI5X9,689,"Dutch, English, French, Spanish",Editor (Video / Audio / General),37,Male,White,Netherlands,France,Netherlands,Dutch,No,Full-Time,high,2026-07-17 12:23:27,True,False,1,37.0,0.01785714285714306,0.0,0.0,0.0,0.0,0.0,0.0,0.0,0.0,2.8382192219076257,0.3830100951697806,0.0,1.0
P063,unrestricted,0,1,7,-0.7889908256880735,4,-0.059633027522935755,,9.0,4.333333333333333,1.3333333333333333,,0.625,16,10,0.125,Xff2f257e1f,P063,APPROVED,Not Applicable,2026-07-17T18:11:37.539000Z,2026-07-17T18:50:46.606000Z,2026-07-17T18:50:47.092000Z,2026-07-17T18:51:47.038828Z,2350.0,C41KI5X9,695,English,Administrative Assistant / Secretary (Secretary / Personal Assistant),51,Female,White,United Kingdom,United Kingdom,United Kingdom,English,No,Full-Time,high,2026-07-17 12:11:40,True,False,1,51.0,1.4178571428571431,1.0,1.0,1.0,0.0,0.0,0.0,0.0,0.0,2.8419848045901137,0.38677567785226863,0.0,1.0
P064,socratic,1,0,6,-1.7889908256880735,5,0.9403669724770642,,3.0,4.666666666666667,8.0,,1.0,16,16,0.0,X525a0ba85e,P064,APPROVED,Not Applicable,2026-07-17T18:18:24.212000Z,2026-07-17T18:50:59.118000Z,2026-07-17T18:50:59.607000Z,2026-07-17T18:51:59.540874Z,1955.0,C41KI5X9,367,English,Social Worker,48,Male,Black,United Kingdom,United Kingdom,United Kingdom,English,No,Full-Time,high,2026-07-17 12:18:29,True,False,1,48.0,1.117857142857143,0.0,1.0,1.0,1.0,1.0,0.0,0.0,0.0,2.5646660642520893,0.10945693751424423,1.0,0.0
P065,google,0,0,10,2.2110091743119265,4,-0.059633027522935755,,1.3333333333333333,0.3333333333333333,9.333333333333334,,0.75,16,12,0.0,X8f6eea2a79,P065,APPROVED,Not Applicable,2026-07-17T18:24:10.754000Z,2026-07-17T18:51:22.099000Z,2026-07-17T18:51:22.605000Z,2026-07-17T18:52:22.583954Z,1632.0,C41KI5X9,1679,English,IT Architect / Systems Designer,48,Male,White,Germany,Germany,Germany,German,No,Full-Time,high,2026-07-17 12:24:18,True,False,1,48.0,1.117857142857143,0.0,0.0,0.0,0.0,0.0,0.0,1.0,0.0,3.225050696138049,0.7698415694002039,0.0,0.0
P066,google,0,0,2,-5.7889908256880735,5,0.9403669724770642,,8.666666666666666,2.0,8.333333333333334,,0.4375,16,7,0.0625,X26a7bceef9,P066,APPROVED,Not Applicable,2026-07-17T18:20:26.263000Z,2026-07-17T18:53:37.171000Z,2026-07-17T18:53:37.669000Z,2026-07-17T18:54:37.605051Z,1991.0,C41KI5X9,166,English,Aircraft Pilot,45,Female,White,Romania,Romania,Romania,Romanian,No,Full-Time,high,2026-07-17 12:20:30,True,False,1,45.0,0.8178571428571431,1.0,0.0,0.0,0.0,0.0,0.0,0.0,0.0,2.220108088040055,-0.2351010386977901,0.0,0.0
P067,unrestricted,0,1,5,-2.7889908256880735,3,-1.0596330275229358,,10.0,0.0,3.6666666666666665,,0.5625,16,9,0.3125,Xe673ffd19b,P067,APPROVED,Not Applicable,2026-07-17T18:36:55.454000Z,2026-07-17T18:55:01.453000Z,2026-07-17T18:55:01.946000Z,2026-07-17T18:56:01.897699Z,1086.0,C41KI5X9,2093,English,Primary School Teacher (Elementary School Teacher),45,Female,White,United Kingdom,United Kingdom,United Kingdom,English,No,Part-Time,high,2026-07-17 12:36:58,True,False,1,45.0,0.8178571428571431,1.0,1.0,1.0,0.0,0.0,1.0,0.0,0.0,3.3207692283386865,0.8655601016008414,0.0,1.0
P068,unrestricted,0,1,9,1.2110091743119265,2,-2.0596330275229358,,6.333333333333333,2.0,3.6666666666666665,,0.375,16,6,0.4375,X5ab17f0b24,P068,APPROVED,Not Applicable,2026-07-17T18:43:27.390000Z,2026-07-17T18:57:11.330000Z,2026-07-17T18:57:11.834000Z,2026-07-17T18:58:11.791067Z,824.0,C41KI5X9,85,English,Data Analyst,50,Male,White,United Kingdom,United Kingdom,United Kingdom,English,No,Full-Time,high,2026-07-17 12:43:30,True,False,1,50.0,1.317857142857143,0.0,1.0,1.0,0.0,0.0,0.0,1.0,0.0,1.9294189257142926,-0.5257902010235525,0.0,1.0
P069,google,0,0,8,0.21100917431192645,3,-1.0596330275229358,,9.0,6.333333333333333,2.3333333333333335,,0.6875,16,11,0.0625,X97f82c574b,P069,APPROVED,Not Applicable,2026-07-17T18:43:18.445000Z,2026-07-17T18:58:07.345000Z,2026-07-17T18:58:07.811000Z,2026-07-17T18:59:07.756346Z,889.0,C41KI5X9,6424,English,Primary School Teacher (Elementary School Teacher),48,Female,White,United Kingdom,United Kingdom,United Kingdom,English,No,Part-Time,high,2026-07-17 12:43:22,True,False,1,48.0,1.117857142857143,1.0,1.0,1.0,0.0,0.0,1.0,0.0,0.0,3.8078055322706246,1.3525964055327795,0.0,0.0
P070,socratic,1,0,8,0.21100917431192645,0,-4.059633027522936,,8.0,5.333333333333333,2.0,,1.0,16,16,0.0,Xde6f5f7b21,P070,APPROVED,Not Applicable,2026-07-17T18:31:38.809000Z,2026-07-17T18:58:19.341000Z,2026-07-17T18:58:19.793000Z,2026-07-17T18:59:19.746277Z,1601.0,C41KI5X9,225,English,Content Creator / Blogger / Copywriter / Content Marketer,38,Female,White,Netherlands,Netherlands,Netherlands,Dutch,No,Part-Time,high,2026-07-17 12:31:44,True,False,1,38.0,0.11785714285714306,1.0,0.0,0.0,0.0,0.0,1.0,0.0,0.0,2.3521825181113627,-0.10302660862648239,1.0,0.0
P071,socratic,1,0,8,0.21100917431192645,2,-2.0596330275229358,,8.333333333333334,4.666666666666667,5.0,,0.875,16,14,0.0,Xd43b3cbcb4,P071,APPROVED,Not Applicable,2026-07-17T18:43:03.421000Z,2026-07-17T18:58:24.532000Z,2026-07-17T18:58:25.042000Z,2026-07-17T18:59:24.959098Z,922.0,C41KI5X9,114,"English, Polish",Insurance Agent / Broker,25,Male,White,Poland,Poland,Poland,Polish,No,Part-Time,high,2026-07-17 12:43:07,True,False,1,25.0,-1.182142857142857,0.0,0.0,0.0,0.0,0.0,1.0,0.0,0.0,2.0569048513364727,-0.39830427540137237,1.0,0.0
P072,socratic,1,0,2,-5.7889908256880735,5,0.9403669724770642,,8.666666666666666,6.0,7.666666666666667,,0.75,16,12,0.0,Xa5f734b342,P072,APPROVED,Not Applicable,2026-07-17T18:21:39.275000Z,2026-07-17T18:58:32.897000Z,2026-07-17T18:58:33.347000Z,2026-07-17T18:59:33.276909Z,2214.0,C41KI5X9,66,English,Lecturer / Professor – College (University),63,Male,White,Germany,Germany,Germany,German,No,Full-Time,high,2026-07-17 12:22:15,True,False,1,63.0,2.617857142857143,0.0,0.0,0.0,0.0,0.0,0.0,0.0,0.0,1.8195439355418688,-0.6356651911959763,1.0,0.0
P073,unrestricted,0,1,7,-0.7889908256880735,5,0.9403669724770642,,10.0,3.6666666666666665,5.666666666666667,,0.6875,16,11,0.0,Xa65d63bf78,P073,APPROVED,Not Applicable,2026-07-17T18:30:21.861000Z,2026-07-17T18:58:56.698000Z,2026-07-17T18:58:57.184000Z,2026-07-17T18:59:57.125406Z,1715.0,C41KI5X9,724,"English, Czech, Slovak",Chief Technology Officer (CTO),45,Male,White,Czech Republic,Czech Republic,Czech Republic,Czech,No,Part-Time,high,2026-07-17 12:30:24,True,False,1,45.0,0.8178571428571431,0.0,0.0,0.0,0.0,0.0,1.0,1.0,0.0,2.859738566197147,0.404529439459302,0.0,1.0
P074,google,0,0,7,-0.7889908256880735,4,-0.059633027522935755,,6.333333333333333,1.0,5.666666666666667,,0.6875,16,11,0.0,Xceffecf970,P074,APPROVED,Not Applicable,2026-07-17T18:20:33.984000Z,2026-07-17T18:59:13.637000Z,2026-07-17T18:59:14.115000Z,2026-07-17T19:00:14.083544Z,2320.0,C41KI5X9,70,English,Operations Manager / Specialist (logistics),33,Female,Black,Nigeria,United Kingdom,DATA_EXPIRED,English,Yes,Full-Time,high,2026-07-17 12:20:42,True,False,1,33.0,-0.38214285714285695,1.0,1.0,1.0,1.0,1.0,0.0,0.0,1.0,1.845098040014257,-0.6101110867235882,0.0,0.0
P075,socratic,1,0,10,2.2110091743119265,3,-1.0596330275229358,,5.333333333333333,7.666666666666667,0.6666666666666666,,0.9375,16,15,0.0,Xaf2671a602,P075,APPROVED,Not Applicable,2026-07-17T18:38:31.414000Z,2026-07-17T19:02:48.412000Z,2026-07-17T19:02:48.963000Z,2026-07-17T19:03:48.875790Z,1457.0,C41KI5X9,6480,English,Librarian / Information Specialist,54,Female,White,United Kingdom,United Kingdom,United Kingdom,English,No,Part-Time,high,2026-07-17 12:38:37,True,False,1,54.0,1.717857142857143,1.0,1.0,1.0,0.0,0.0,1.0,0.0,0.0,3.8115750058705933,1.3563658791327482,1.0,0.0
P076,socratic,1,0,7,-0.7889908256880735,5,0.9403669724770642,,6.333333333333333,8.333333333333334,2.3333333333333335,,0.5625,16,9,0.125,Xc3a50a67a6,P076,APPROVED,Not Applicable,2026-07-17T18:39:41.363000Z,2026-07-17T19:06:45.987000Z,2026-07-17T19:06:46.465000Z,2026-07-17T19:07:46.412946Z,1625.0,C41KI5X9,568,"German, English, Romanian",Software Engineer / Developer,30,Male,White,Romania,Germany,Greece,Romanian,No,Full-Time,high,2026-07-17 12:43:27,True,False,1,30.0,-0.6821428571428569,0.0,0.0,0.0,0.0,0.0,0.0,1.0,0.0,2.754348335711019,0.2991392089731737,1.0,0.0
P077,google,0,0,7,-0.7889908256880735,5,0.9403669724770642,,6.333333333333333,5.0,6.666666666666667,,0.8125,16,13,0.0,Xbc649776f8,P077,APPROVED,Not Applicable,2026-07-17T18:28:37.805000Z,2026-07-17T19:08:26.505000Z,2026-07-17T19:08:27.015000Z,2026-07-17T19:09:26.966999Z,2389.0,C41KI5X9,495,English,Environmental Health Professional,37,Male,Black,United Kingdom,United Kingdom,DATA_EXPIRED,English,No,Full-Time,high,2026-07-17 12:28:44,True,False,1,37.0,0.01785714285714306,0.0,1.0,1.0,1.0,1.0,0.0,0.0,0.0,2.694605198933569,0.23939607219572379,0.0,0.0
P078,google,0,0,9,1.2110091743119265,3,-1.0596330275229358,,6.666666666666667,7.0,5.0,,0.75,16,12,0.0,X1f4f5e3410,P078,APPROVED,Not Applicable,2026-07-17T18:46:08.472000Z,2026-07-17T19:10:10.050000Z,2026-07-17T19:10:10.529000Z,2026-07-17T19:11:10.474605Z,1442.0,C41KI5X9,104,"English, French",Software Engineer / Developer,28,Male,White,France,France,France,French,No,Full-Time,high,2026-07-17 12:46:10,True,False,1,28.0,-0.8821428571428569,0.0,0.0,0.0,0.0,0.0,0.0,1.0,0.0,2.0170333392987803,-0.4381757874390648,0.0,0.0
P079,google,0,0,9,1.2110091743119265,5,0.9403669724770642,,7.666666666666667,6.666666666666667,3.6666666666666665,,0.75,16,12,0.125,X1e6e56246b,P079,APPROVED,Not Applicable,2026-07-17T18:55:08.134000Z,2026-07-17T19:11:09.236000Z,2026-07-17T19:11:09.716000Z,2026-07-17T19:12:09.665554Z,962.0,C41KI5X9,395,English,Office Administrator,25,Female,White,Poland,United Kingdom,Poland,Polish,No,Full-Time,high,2026-07-17 12:55:10,True,False,1,25.0,-1.182142857142857,1.0,0.0,1.0,0.0,0.0,0.0,0.0,0.0,2.59659709562646,0.14138796888861505,0.0,0.0
P080,socratic,1,0,10,2.2110091743119265,4,-0.059633027522935755,,6.333333333333333,5.666666666666667,5.333333333333333,,0.5625,16,9,0.0,X19a7cba8e2,P080,APPROVED,Not Applicable,2026-07-17T18:48:00.185000Z,2026-07-17T19:11:26.206000Z,2026-07-17T19:11:26.760000Z,2026-07-17T19:12:26.707093Z,1407.0,C41KI5X9,320,English,Office Administrator,39,Male,White,Italy,Italy,Italy,Italian,No,Full-Time,high,2026-07-17 12:48:03,True,False,1,39.0,0.21785714285714305,0.0,0.0,0.0,0.0,0.0,0.0,0.0,0.0,2.505149978319906,0.04994085158206074,1.0,0.0
P081,unrestricted,0,1,11,3.2110091743119265,2,-2.0596330275229358,,3.6666666666666665,2.3333333333333335,7.333333333333333,,0.8125,16,13,0.0,Xbc36219f2b,P081,APPROVED,Not Applicable,2026-07-17T18:44:12.262000Z,2026-07-17T19:12:35.855000Z,2026-07-17T19:12:36.361000Z,2026-07-17T19:13:36.312800Z,1704.0,C41KI5X9,1216,"Dutch, English",Policy Analyst,49,Male,White,Netherlands,Netherlands,Netherlands,Dutch,No,Part-Time,high,2026-07-17 12:44:19,True,False,1,49.0,1.217857142857143,0.0,0.0,0.0,0.0,0.0,1.0,0.0,0.0,3.084933574936716,0.6297244481988709,0.0,1.0
P082,unrestricted,0,1,9,1.2110091743119265,4,-0.059633027522935755,,10.0,6.0,1.6666666666666667,,0.6875,16,11,0.1875,X0afec4e199,P082,APPROVED,Not Applicable,2026-07-17T19:00:31.455000Z,2026-07-17T19:13:51.668000Z,2026-07-17T19:13:52.213000Z,2026-07-17T19:14:52.160606Z,801.0,C41KI5X9,801,English,Secondary School Teacher (High School Teacher),41,Male,White,United Kingdom,United Kingdom,United Kingdom,English,No,Full-Time,high,2026-07-17 13:00:40,True,False,1,41.0,0.41785714285714304,0.0,1.0,1.0,0.0,0.0,0.0,0.0,0.0,2.9036325160842376,0.4484233893463925,0.0,1.0
P083,unrestricted,0,1,5,-2.7889908256880735,3,-1.0596330275229358,,10.0,0.0,3.0,,0.4375,16,7,0.25,X214ea6d7cd,P083,APPROVED,Not Applicable,2026-07-17T18:57:18.493000Z,2026-07-17T19:14:26.811000Z,2026-07-17T19:14:27.349000Z,2026-07-17T19:15:27.309956Z,1029.0,C41KI5X9,334,English,Administrative Assistant / Secretary (Secretary / Personal Assistant),57,Female,White,United Kingdom,United Kingdom,United Kingdom,English,No,Full-Time,high,2026-07-17 12:57:22,True,False,1,57.0,2.0178571428571432,1.0,1.0,1.0,0.0,0.0,0.0,0.0,0.0,2.5237464668115646,0.06853734007371948,0.0,1.0
P084,google,0,0,6,-1.7889908256880735,4,-0.059633027522935755,,10.0,5.0,4.0,,0.6875,16,11,0.0625,X3f3bc9a57b,P084,APPROVED,Not Applicable,2026-07-17T18:46:33.074000Z,2026-07-17T19:18:05.722000Z,2026-07-17T19:18:07.349000Z,2026-07-17T19:19:06.178404Z,1893.0,C41KI5X9,229,"Romanian, Spanish, English",Call Center Operator,37,Male,White,Romania,Romania,Romania,Other,No,Full-Time,high,2026-07-17 12:46:35,True,False,1,37.0,0.01785714285714306,0.0,0.0,0.0,0.0,0.0,0.0,0.0,0.0,2.359835482339888,-0.09537364439795715,0.0,0.0
P085,unrestricted,0,1,8,0.21100917431192645,5,0.9403669724770642,,6.666666666666667,4.333333333333333,8.0,,0.875,16,14,0.0,Xc18cbf1437,P085,APPROVED,Not Applicable,2026-07-17T18:51:36.820000Z,2026-07-17T19:20:41.005000Z,2026-07-17T19:20:41.513000Z,2026-07-17T19:21:41.465394Z,1745.0,C41KI5X9,195,"English, Hindi, Punjabi, Gujarati",Civil Engineer,28,Male,Asian,India,Italy,India,Hindi,Yes,Part-Time,high,2026-07-17 12:52:12,True,False,1,28.0,-0.8821428571428569,0.0,0.0,0.0,1.0,0.0,1.0,0.0,1.0,2.290034611362518,-0.16517451537532724,0.0,1.0
P086,unrestricted,0,1,3,-4.7889908256880735,5,0.9403669724770642,,5.0,3.6666666666666665,6.666666666666667,,1.0,16,16,0.0,Xd6875767c2,P086,APPROVED,Not Applicable,2026-07-17T18:58:53.516000Z,2026-07-17T19:22:12.963000Z,2026-07-17T19:22:13.419000Z,2026-07-17T19:23:13.360727Z,1400.0,C41KI5X9,167,English,AI Research Scientist,34,Male,White,United Kingdom,United Kingdom,United Kingdom,English,No,Part-Time,high,2026-07-17 12:58:57,True,False,1,34.0,-0.2821428571428569,0.0,1.0,1.0,0.0,0.0,1.0,1.0,0.0,2.2227164711475833,-0.23249265559026178,0.0,1.0
P087,unrestricted,0,1,8,0.21100917431192645,4,-0.059633027522935755,,5.666666666666667,2.3333333333333335,6.0,,0.875,16,14,0.0,Xe7498dcdba,P087,APPROVED,Not Applicable,2026-07-17T18:50:47.229000Z,2026-07-17T19:22:15.162000Z,2026-07-17T19:22:15.791000Z,2026-07-17T19:23:15.711004Z,1888.0,C41KI5X9,130,"English, French",Research Scientist (STEM),37,Male,White,Italy,Italy,Italy,Italian,No,Full-Time,high,2026-07-17 12:52:28,True,False,1,37.0,0.01785714285714306,0.0,0.0,0.0,0.0,0.0,0.0,0.0,0.0,2.113943352306837,-0.34126577443100814,0.0,1.0
P088,google,0,0,4,-3.7889908256880735,5,0.9403669724770642,,10.0,2.0,2.3333333333333335,,0.5625,16,9,0.0,Xaebdee7f67,P088,APPROVED,Not Applicable,2026-07-17T18:58:33.938000Z,2026-07-17T19:22:34.801000Z,2026-07-17T19:22:35.252000Z,2026-07-17T19:23:35.203984Z,1441.0,C41KI5X9,112,"Italian, English",Nurse,38,Male,White,Italy,Italy,Italy,Italian,No,Full-Time,high,2026-07-17 12:58:37,True,False,1,38.0,0.11785714285714306,0.0,0.0,0.0,0.0,0.0,0.0,0.0,0.0,2.0492180226701815,-0.4059911040676636,0.0,0.0
P089,google,0,0,10,2.2110091743119265,4,-0.059633027522935755,,8.0,5.333333333333333,7.0,,0.9375,16,15,0.0,X50aace65c3,P089,APPROVED,Not Applicable,2026-07-17T18:52:08.213000Z,2026-07-17T19:23:46.203000Z,2026-07-17T19:23:46.685000Z,2026-07-17T19:24:46.601571Z,1898.0,C41KI5X9,286,English,Production Manager,25,Male,White,Poland,Poland,Poland,Polish,No,Full-Time,high,2026-07-17 12:53:19,True,False,1,25.0,-1.182142857142857,0.0,0.0,0.0,0.0,0.0,0.0,0.0,0.0,2.456366033129043,0.0011569063911980315,0.0,0.0
P091,unrestricted,0,1,8,0.21100917431192645,5,0.9403669724770642,,9.0,5.333333333333333,2.6666666666666665,,0.625,16,10,0.0625,Xdbf9cf00b1,P091,APPROVED,Not Applicable,2026-07-17T19:07:05.985000Z,2026-07-17T19:25:03.217000Z,2026-07-17T19:25:03.726000Z,2026-07-17T19:26:03.665214Z,1078.0,C41KI5X9,901,English,Secondary School Teacher (High School Teacher),36,Female,White,United Kingdom,United Kingdom,United Kingdom,English,No,Full-Time,high,2026-07-17 13:07:08,True,False,1,36.0,-0.08214285714285693,1.0,1.0,1.0,0.0,0.0,0.0,0.0,0.0,2.954724790979063,0.49951566424121774,0.0,1.0
P092,unrestricted,0,1,8,0.21100917431192645,5,0.9403669724770642,,8.666666666666666,7.666666666666667,1.6666666666666667,,0.4375,16,7,0.3125,X110676fd1b,P092,APPROVED,Not Applicable,2026-07-17T19:10:17.719000Z,2026-07-17T19:26:59.430000Z,2026-07-17T19:26:59.913000Z,2026-07-17T19:27:59.857443Z,1002.0,C41KI5X9,194,"English, Hindi",Account Manager,44,Male,Asian,India,Portugal,India,Hindi,No,Full-Time,high,2026-07-17 13:10:24,True,False,1,44.0,0.7178571428571431,0.0,0.0,0.0,1.0,0.0,0.0,0.0,0.0,2.287801729930226,-0.16740739680761907,0.0,1.0
P093,unrestricted,0,1,9,1.2110091743119265,3,-1.0596330275229358,,6.333333333333333,5.333333333333333,4.333333333333333,,0.375,16,6,0.0,Xc09ab85a5d,P093,REJECTED,Not Applicable,2026-07-17T19:18:12.880000Z,2026-07-17T19:27:23.183000Z,2026-07-17T19:27:25.030000Z,2026-07-17T19:28:23.692881Z,551.0,C41KI5X9,78,CONSENT_REVOKED,CONSENT_REVOKED,CONSENT_REVOKED,CONSENT_REVOKED,CONSENT_REVOKED,CONSENT_REVOKED,CONSENT_REVOKED,CONSENT_REVOKED,CONSENT_REVOKED,CONSENT_REVOKED,CONSENT_REVOKED,high,2026-07-17 13:18:15,True,True,0,,,,,,,,,,,1.8920946026904804,-0.5631145240473647,0.0,1.0
P094,socratic,1,0,6,-1.7889908256880735,3,-1.0596330275229358,,7.333333333333333,5.666666666666667,6.0,,0.8125,16,13,0.0,Xd3198d37ca,P094,APPROVED,Not Applicable,2026-07-17T19:08:49.878000Z,2026-07-17T19:27:30.742000Z,2026-07-17T19:27:31.255000Z,2026-07-17T19:28:31.208557Z,1121.0,C41KI5X9,476,English,Administrative Assistant / Secretary (Secretary / Personal Assistant),31,Male,Black,Nigeria,United Kingdom,United Kingdom,English,No,Part-Time,high,2026-07-17 13:08:57,True,False,1,31.0,-0.582142857142857,0.0,1.0,1.0,1.0,1.0,1.0,0.0,0.0,2.677606952720493,0.222397825982648,1.0,0.0
P095,google,0,0,4,-3.7889908256880735,4,-0.059633027522935755,,5.0,5.0,6.333333333333333,,0.9375,16,15,0.0,Xa8a055a0ca,P095,APPROVED,Not Applicable,2026-07-17T19:11:35.775000Z,2026-07-17T19:28:39.071000Z,2026-07-17T19:28:39.565000Z,2026-07-17T19:29:39.524782Z,1024.0,C41KI5X9,211,English,Other Healthcare Professional,36,Female,Black,United Kingdom,United Kingdom,United Kingdom,English,No,Full-Time,high,2026-07-17 13:11:46,True,False,1,36.0,-0.08214285714285693,1.0,1.0,1.0,1.0,1.0,0.0,0.0,0.0,2.3242824552976926,-0.13092667144015246,0.0,0.0
P096,socratic,1,0,10,2.2110091743119265,5,0.9403669724770642,,7.333333333333333,4.666666666666667,7.666666666666667,,0.875,16,14,0.0,Xde71282153,P096,APPROVED,Not Applicable,2026-07-17T18:59:02.070000Z,2026-07-17T19:29:29.274000Z,2026-07-17T19:29:29.780000Z,2026-07-17T19:30:29.737612Z,1828.0,C41KI5X9,245,"English, Catalan",Management Consultant,44,Male,White,Spain,Spain,Spain,Spanish,No,Part-Time,high,2026-07-17 12:59:06,True,False,1,44.0,0.7178571428571431,0.0,0.0,0.0,0.0,0.0,1.0,0.0,0.0,2.3891660843645326,-0.06604304237331249,1.0,0.0
P097,socratic,1,0,9,1.2110091743119265,5,0.9403669724770642,,8.333333333333334,2.6666666666666665,10.0,,0.875,16,14,0.0,X16596028fc,P097,APPROVED,Not Applicable,2026-07-17T18:51:05.823000Z,2026-07-17T19:31:26.990000Z,2026-07-17T19:31:27.476000Z,2026-07-17T19:32:27.389967Z,2422.0,C41KI5X9,205,English,Database Administrator (DBA),41,Female,White,Italy,Italy,Italy,Italian,No,Full-Time,high,2026-07-17 12:51:08,True,False,1,41.0,0.41785714285714304,1.0,0.0,0.0,0.0,0.0,0.0,1.0,0.0,2.311753861055754,-0.14345526568209088,1.0,0.0
P098,socratic,1,0,9,1.2110091743119265,5,0.9403669724770642,,6.0,6.0,3.3333333333333335,,0.6875,16,11,0.25,X5a435fc96b,P098,APPROVED,Not Applicable,2026-07-17T19:12:40.752000Z,2026-07-17T19:31:46.086000Z,2026-07-17T19:31:46.577000Z,2026-07-17T19:32:46.513306Z,1146.0,C41KI5X9,449,English,Lawyer / Solicitor / Attorney,40,Female,White,United Kingdom,United Kingdom,United Kingdom,English,No,Part-Time,high,2026-07-17 13:12:44,True,False,1,40.0,0.31785714285714306,1.0,1.0,1.0,0.0,0.0,1.0,0.0,0.0,2.6522463410033232,0.19703721426547816,1.0,0.0
P099,google,0,0,9,1.2110091743119265,4,-0.059633027522935755,,9.0,7.666666666666667,3.0,,0.8125,16,13,0.0,X6032174b80,P099,APPROVED,Not Applicable,2026-07-17T19:03:39.513000Z,2026-07-17T19:32:36.153000Z,2026-07-17T19:32:36.649000Z,2026-07-17T19:33:36.607434Z,1737.0,C41KI5X9,524,"English, Spanish, Catalan",Emergency / Critical Care Nurse,35,Female,White,Spain,United Kingdom,Spain,Spanish,No,Part-Time,high,2026-07-17 13:03:44,True,False,1,35.0,-0.18214285714285694,1.0,0.0,1.0,0.0,0.0,1.0,0.0,0.0,2.7193312869837265,0.2641221602458814,0.0,0.0
P100,google,0,0,9,1.2110091743119265,3,-1.0596330275229358,,8.666666666666666,3.3333333333333335,4.0,,0.75,16,12,0.0,X79f8e529d8,P100,APPROVED,Not Applicable,2026-07-17T19:12:35.803000Z,2026-07-17T19:33:56.423000Z,2026-07-17T19:33:56.918000Z,2026-07-17T19:34:56.828178Z,1281.0,C41KI5X9,210,English,Financial Analyst,46,Female,White,United Kingdom,United Kingdom,United Kingdom,English,No,Full-Time,high,2026-07-17 13:12:40,True,False,1,46.0,0.917857142857143,1.0,1.0,1.0,0.0,0.0,0.0,0.0,0.0,2.322219294733919,-0.132989832003926,0.0,0.0
P102,unrestricted,0,1,7,-0.7889908256880735,4,-0.059633027522935755,,8.0,6.333333333333333,5.333333333333333,,0.8125,16,13,0.0,X2715cf7b49,P102,APPROVED,Not Applicable,2026-07-17T19:21:12.770000Z,2026-07-17T19:42:37.696000Z,2026-07-17T19:42:38.352000Z,2026-07-17T19:43:38.286927Z,1285.0,C41KI5X9,418,English,Customer Success Manager,34,Female,White,United Kingdom,United Kingdom,United Kingdom,English,No,Full-Time,high,2026-07-17 13:21:17,True,False,1,34.0,-0.2821428571428569,1.0,1.0,1.0,0.0,0.0,0.0,0.0,0.0,2.621176281775035,0.16596715503718995,0.0,1.0
P103,google,0,0,9,1.2110091743119265,5,0.9403669724770642,,9.0,6.333333333333333,5.333333333333333,,0.875,16,14,0.0,X0fff74c0cf,P103,APPROVED,Not Applicable,2026-07-17T19:13:57.236000Z,2026-07-17T19:43:21.588000Z,2026-07-17T19:43:22.077000Z,2026-07-17T19:44:22.020780Z,1765.0,C41KI5X9,237,"English, Polish, German",Architect,28,Male,White,Poland,Poland,Poland,Polish,No,Full-Time,high,2026-07-17 13:14:00,True,False,1,28.0,-0.8821428571428569,0.0,0.0,0.0,0.0,0.0,0.0,0.0,0.0,2.374748346010104,-0.0804607807277411,0.0,0.0
P104,socratic,1,0,6,-1.7889908256880735,3,-1.0596330275229358,,8.333333333333334,6.666666666666667,1.0,,0.25,16,4,0.0,Xaaf04cf3df,P104,APPROVED,Not Applicable,2026-07-17T19:32:01.352000Z,2026-07-17T19:45:41.240000Z,2026-07-17T19:45:46.726000Z,2026-07-17T19:46:41.642181Z,820.0,C41KI5X9,24,"English, French, Spanish",Account Manager,44,Male,Black,United Kingdom,United Kingdom,Nigeria,English,No,Part-Time,high,2026-07-17 13:32:05,True,False,1,44.0,0.7178571428571431,0.0,1.0,1.0,1.0,1.0,1.0,0.0,0.0,1.380211241711606,-1.0749978850262392,1.0,0.0
P105,unrestricted,0,1,10,2.2110091743119265,4,-0.059633027522935755,,3.3333333333333335,4.0,4.666666666666667,,0.9375,16,15,0.0,Xcd594245ea,P105,APPROVED,Not Applicable,2026-07-17T19:25:32.479000Z,2026-07-17T19:45:40.917000Z,2026-07-17T19:45:42.285000Z,2026-07-17T19:46:41.337129Z,1209.0,C41KI5X9,525,"Swedish, English",Public Administrator,37,Male,White,Sweden,Sweden,Sweden,Swedish,Yes,Part-Time,high,2026-07-17 13:25:43,True,False,1,37.0,0.01785714285714306,0.0,0.0,0.0,0.0,0.0,1.0,0.0,1.0,2.720159303405957,0.26495017666811194,0.0,1.0
P106,socratic,1,0,8,0.21100917431192645,2,-2.0596330275229358,,10.0,4.666666666666667,8.333333333333334,,0.875,16,14,0.0,X950a271c3f,P106,APPROVED,Not Applicable,2026-07-17T19:15:32.357000Z,2026-07-17T19:46:12.088000Z,2026-07-17T19:46:12.576000Z,2026-07-17T19:47:12.545645Z,1840.0,C41KI5X9,559,English,Auditor,52,Male,White,United Kingdom,United Kingdom,United Kingdom,English,No,Full-Time,high,2026-07-17 13:15:35,True,False,1,52.0,1.517857142857143,0.0,1.0,1.0,0.0,0.0,0.0,0.0,0.0,2.747411807886423,0.29220268114857806,1.0,0.0
P107,google,0,0,0,-7.7889908256880735,5,0.9403669724770642,,8.333333333333334,5.666666666666667,8.0,,0.625,16,10,0.0,X73410057eb,P107,APPROVED,Not Applicable,2026-07-17T18:53:39.853000Z,2026-07-17T19:47:14.906000Z,2026-07-17T19:47:15.432000Z,2026-07-17T19:48:15.418036Z,3216.0,C41KI5X9,404,English,IT Project Manager,33,Male,Black,United Kingdom,United Kingdom,United Kingdom,English,No,Full-Time,high,2026-07-17 12:54:32,True,False,1,33.0,-0.38214285714285695,0.0,1.0,1.0,1.0,1.0,0.0,1.0,0.0,2.606381365110605,0.15117223837276006,0.0,0.0
P109,socratic,1,0,8,0.21100917431192645,5,0.9403669724770642,,8.0,8.0,8.333333333333334,,0.9375,16,15,0.0625,X8cd7d0d916,P109,APPROVED,Not Applicable,2026-07-17T19:28:39.346000Z,2026-07-17T19:48:07.496000Z,2026-07-17T19:48:08.053000Z,2026-07-17T19:49:08.016346Z,1169.0,C41KI5X9,260,"Polish, English",Customer Success Manager,32,Female,White,Poland,United Kingdom,Poland,English,No,Full-Time,high,2026-07-17 13:28:42,True,False,1,32.0,-0.48214285714285693,1.0,1.0,1.0,0.0,0.0,0.0,0.0,0.0,2.4149733479708178,-0.04023577876702733,1.0,0.0
P110,unrestricted,0,1,7,-0.7889908256880735,5,0.9403669724770642,,8.0,1.6666666666666667,7.333333333333333,,0.9375,16,15,0.0625,Xcac28c6575,P110,APPROVED,Not Applicable,2026-07-17T19:25:20.003000Z,2026-07-17T19:51:02.410000Z,2026-07-17T19:51:02.860000Z,2026-07-17T19:52:02.813807Z,1543.0,C41KI5X9,270,English,Other Healthcare Professional,35,Male,Black,United Kingdom,United Kingdom,United Kingdom,English,No,Full-Time,high,2026-07-17 13:25:26,True,False,1,35.0,-0.18214285714285694,0.0,1.0,1.0,1.0,1.0,0.0,0.0,0.0,2.4313637641589874,-0.02384536257885772,0.0,1.0
P111,socratic,1,0,10,2.2110091743119265,3,-1.0596330275229358,,9.0,3.3333333333333335,4.333333333333333,,0.75,16,12,0.0625,Xe556069315,P111,APPROVED,Not Applicable,2026-07-17T19:19:41.310000Z,2026-07-17T19:51:27.280000Z,2026-07-17T19:51:27.818000Z,2026-07-17T19:52:27.787168Z,1906.0,C41KI5X9,52,English,Administrative Assistant / Secretary (Secretary / Personal Assistant),29,Male,White,Sweden,Sweden,Sweden,Swedish,No,Full-Time,high,2026-07-17 13:19:44,True,False,1,29.0,-0.7821428571428569,0.0,0.0,0.0,0.0,0.0,0.0,0.0,0.0,1.7160033436347992,-0.7392057831030459,1.0,0.0
P112,unrestricted,0,1,6,-1.7889908256880735,5,0.9403669724770642,,8.666666666666666,6.0,4.666666666666667,,0.5,16,8,0.0,Xf9ed129849,P112,APPROVED,Not Applicable,2026-07-17T19:27:52.310000Z,2026-07-17T19:52:44.195000Z,2026-07-17T19:52:44.738000Z,2026-07-17T19:53:44.696649Z,1492.0,C41KI5X9,706,English,Operations Manager / Specialist (non-logistics),34,Male,Black,United Kingdom,United Kingdom,United Kingdom,English,No,Full-Time,high,2026-07-17 13:27:59,True,False,1,34.0,-0.2821428571428569,0.0,1.0,1.0,1.0,1.0,0.0,0.0,0.0,2.8488047010518036,0.39359557431395853,0.0,1.0
P113,google,0,0,8,0.21100917431192645,4,-0.059633027522935755,,8.0,7.666666666666667,7.333333333333333,,0.6875,16,11,0.0,Xef84bd3ee8,P113,APPROVED,Not Applicable,2026-07-17T19:34:47.270000Z,2026-07-17T19:55:16.114000Z,2026-07-17T19:55:16.611000Z,2026-07-17T19:56:16.590593Z,1229.0,C41KI5X9,630,"English, Swahili, French",Community Development Worker,30,Male,Black,Kenya,United Kingdom,United Kingdom,English,No,Full-Time,high,2026-07-17 13:34:52,True,False,1,30.0,-0.6821428571428569,0.0,1.0,1.0,1.0,1.0,0.0,0.0,0.0,2.7993405494535817,0.3441314227157366,0.0,0.0
P114,unrestricted,0,1,6,-1.7889908256880735,5,0.9403669724770642,,4.333333333333333,6.333333333333333,2.6666666666666665,,0.4375,16,7,0.125,Xe6f78d3b25,P114,APPROVED,Not Applicable,2026-07-17T19:29:30.654000Z,2026-07-17T19:57:11.392000Z,2026-07-17T19:57:11.880000Z,2026-07-17T19:58:11.825856Z,1661.0,C41KI5X9,943,"Arabic, English, French, Other",AI / Machine Learning Engineer,27,Male,White,Tunisia,France,Tunisia,Arabic,Yes,Part-Time,high,2026-07-17 13:30:23,True,False,1,27.0,-0.982142857142857,0.0,0.0,0.0,0.0,0.0,1.0,1.0,1.0,2.9745116927373285,0.5193025659994834,0.0,1.0
P115,unrestricted,0,1,9,1.2110091743119265,4,-0.059633027522935755,,8.0,3.0,5.666666666666667,,0.625,16,10,0.0625,X2b903946c1,P115,APPROVED,Not Applicable,2026-07-17T19:37:51.028000Z,2026-07-17T19:57:41.520000Z,2026-07-17T19:57:41.989000Z,2026-07-17T19:58:41.947093Z,1191.0,C41KI5X9,1183,"Arabic, French, English",Accountant,27,Female,Prefer not to say,Algeria,France,Algeria,French,No,Full-Time,high,2026-07-17 13:37:54,True,False,1,27.0,-0.982142857142857,1.0,0.0,0.0,,,0.0,0.0,0.0,3.0729847446279304,0.6177756178900853,0.0,1.0
P116,socratic,1,0,10,2.2110091743119265,4,-0.059633027522935755,,6.666666666666667,5.0,3.0,,0.9375,16,15,0.0,Xf6a9c84797,P116,APPROVED,Not Applicable,2026-07-17T19:26:02.874000Z,2026-07-17T20:00:11.373000Z,2026-07-17T20:00:11.881000Z,2026-07-17T20:01:11.880365Z,2049.0,C41KI5X9,38,"Spanish, English",Account Manager,36,Male,White,Spain,Spain,Spain,Spanish,No,Full-Time,high,2026-07-17 13:26:13,True,False,1,36.0,-0.08214285714285693,0.0,0.0,0.0,0.0,0.0,0.0,0.0,0.0,1.5797835966168101,-0.875425530121035,1.0,0.0
P117,socratic,1,0,10,2.2110091743119265,5,0.9403669724770642,,7.0,3.3333333333333335,6.666666666666667,,0.9375,16,15,0.0,X1739d49963,P117,APPROVED,Not Applicable,2026-07-17T19:46:15.487000Z,2026-07-17T20:01:19.186000Z,2026-07-17T20:01:19.654000Z,2026-07-17T20:02:19.627884Z,904.0,C41KI5X9,2646,English,Aerospace Engineer,46,Male,White,United Kingdom,United Kingdom,United Kingdom,English,No,Part-Time,high,2026-07-17 13:46:18,True,False,1,46.0,0.917857142857143,0.0,1.0,1.0,0.0,0.0,1.0,0.0,0.0,3.422589839851482,0.9673807131136369,1.0,0.0
P118,socratic,1,0,8,0.21100917431192645,3,-1.0596330275229358,,10.0,8.333333333333334,1.3333333333333333,,0.3125,16,5,0.0625,X0d8a328276,P118,APPROVED,Not Applicable,2026-07-17T19:34:20.542000Z,2026-07-17T20:02:02.100000Z,2026-07-17T20:02:02.595000Z,2026-07-17T20:03:02.537753Z,1662.0,C41KI5X9,775,English,Civil Engineer,38,Male,White,United Kingdom,United Kingdom,United Kingdom,English,No,Full-Time,high,2026-07-17 13:34:23,True,False,1,38.0,0.11785714285714306,0.0,1.0,1.0,0.0,0.0,0.0,0.0,0.0,2.88930170250631,0.43409257576846505,1.0,0.0
P119,unrestricted,0,1,10,2.2110091743119265,4,-0.059633027522935755,,8.0,5.0,2.6666666666666665,,0.75,16,12,0.0,X9c200f0628,P119,APPROVED,Not Applicable,2026-07-17T19:31:37.796000Z,2026-07-17T20:03:02.013000Z,2026-07-17T20:03:02.583000Z,2026-07-17T20:04:02.528539Z,1885.0,C41KI5X9,57,English,Historian,47,Male,White,Poland,Poland,Poland,Polish,No,Full-Time,high,2026-07-17 13:31:43,True,False,1,47.0,1.017857142857143,0.0,0.0,0.0,0.0,0.0,0.0,0.0,0.0,1.7558748556724915,-0.6993342710653536,0.0,1.0
P120,socratic,1,0,11,3.2110091743119265,5,0.9403669724770642,,7.0,10.0,0.6666666666666666,,0.75,16,12,0.0625,Xd90c7b06ef,P120,APPROVED,Not Applicable,2026-07-17T19:46:25.915000Z,2026-07-17T20:03:00.015000Z,2026-07-17T20:03:00.495000Z,2026-07-17T20:04:00.440478Z,995.0,C41KI5X9,172,English,Web Developer,31,Male,White,United Kingdom,United Kingdom,United Kingdom,English,No,Full-Time,high,2026-07-17 13:46:28,True,False,1,31.0,-0.582142857142857,0.0,1.0,1.0,0.0,0.0,0.0,1.0,0.0,2.2355284469075487,-0.21968067983029638,1.0,0.0
P121,socratic,1,0,6,-1.7889908256880735,4,-0.059633027522935755,,9.333333333333334,10.0,2.0,,0.625,16,10,0.125,Xa73559a8ff,P121,APPROVED,Not Applicable,2026-07-17T19:22:34.609000Z,2026-07-17T20:03:09.944000Z,2026-07-17T20:03:10.390000Z,2026-07-17T20:04:10.338974Z,2436.0,C41KI5X9,55,"Russian, English",Accountant,40,Male,Asian,Uzbekistan,United Kingdom,Uzbekistan,Uzbek,No,Full-Time,high,2026-07-17 13:22:38,True,False,1,40.0,0.31785714285714306,0.0,0.0,1.0,1.0,0.0,0.0,0.0,0.0,1.7403626894942439,-0.7148464372436012,1.0,0.0
P122,unrestricted,0,1,11,3.2110091743119265,5,0.9403669724770642,,6.666666666666667,4.0,6.666666666666667,,0.875,16,14,0.0625,X8d4ca82e11,P122,APPROVED,Not Applicable,2026-07-17T19:42:46.989000Z,2026-07-17T20:03:43.962000Z,2026-07-17T20:03:44.575000Z,2026-07-17T20:04:44.522482Z,1257.0,C41KI5X9,61,English,Web Developer,31,Male,White,United Kingdom,United Kingdom,United Kingdom,English,No,Full-Time,high,2026-07-17 13:42:50,True,False,1,31.0,-0.582142857142857,0.0,1.0,1.0,0.0,0.0,0.0,1.0,0.0,1.7853298350107671,-0.6698792917270779,0.0,1.0
P123,google,0,0,0,-7.7889908256880735,4,-0.059633027522935755,,9.0,4.0,8.666666666666666,,0.5,16,8,0.0,X55f647fe78,P123,APPROVED,Not Applicable,2026-07-17T19:24:06.653000Z,2026-07-17T20:06:00.286000Z,2026-07-17T20:07:03.466000Z,2026-07-17T20:07:00.733595Z,2514.0,C41KI5X9,110,English,HR Manager / Specialist,27,Female,Black,United Kingdom,United Kingdom,United Kingdom,English,No,Full-Time,high,2026-07-17 13:24:18,True,False,1,27.0,-0.982142857142857,1.0,1.0,1.0,1.0,1.0,0.0,0.0,0.0,2.041392685158225,-0.41381644157962016,0.0,0.0
P124,unrestricted,0,1,9,1.2110091743119265,4,-0.059633027522935755,,7.666666666666667,2.6666666666666665,6.0,,0.875,16,14,0.0,Xe9b822cdb1,P124,APPROVED,Not Applicable,2026-07-17T19:45:41.402000Z,2026-07-17T20:06:12.452000Z,2026-07-17T20:06:12.901000Z,2026-07-17T20:07:12.843569Z,1232.0,C41KI5X9,20,English,Operations Manager / Specialist (non-logistics),37,Male,White,Bulgaria,Bulgaria,Bulgaria,Bulgarian,No,Full-Time,high,2026-07-17 13:45:45,True,False,1,37.0,0.01785714285714306,0.0,0.0,0.0,0.0,0.0,0.0,0.0,0.0,1.3010299956639813,-1.1541791310738638,0.0,1.0
P125,google,0,0,8,0.21100917431192645,5,0.9403669724770642,,7.333333333333333,3.6666666666666665,7.0,,0.6875,16,11,0.0625,X1531ffd013,P125,APPROVED,Not Applicable,2026-07-17T19:32:45.811000Z,2026-07-17T20:07:10.048000Z,2026-07-17T20:07:10.524000Z,2026-07-17T20:08:10.483540Z,2065.0,C41KI5X9,694,English,Project Manager,59,Female,White,United Kingdom,United Kingdom,United Kingdom,English,No,Full-Time,high,2026-07-17 13:32:50,True,False,1,59.0,2.217857142857143,1.0,1.0,1.0,0.0,0.0,0.0,0.0,0.0,2.841359470454855,0.38615034371700974,0.0,0.0
P126,google,0,0,10,2.2110091743119265,2,-2.0596330275229358,,10.0,2.3333333333333335,6.0,,1.0,16,16,0.0,Xa78bc11be2,P126,APPROVED,Not Applicable,2026-07-17T19:48:25.369000Z,2026-07-17T20:08:45.371000Z,2026-07-17T20:08:45.829000Z,2026-07-17T20:09:45.783814Z,1221.0,C41KI5X9,2209,"English, Spanish",Teaching Assistant (General),42,Female,White,United Kingdom,United Kingdom,United Kingdom,English,No,Part-Time,high,2026-07-17 13:48:33,True,False,1,42.0,0.517857142857143,1.0,1.0,1.0,0.0,0.0,1.0,0.0,0.0,3.344195715871435,0.88898658913359,0.0,0.0
P127,google,0,0,7,-0.7889908256880735,4,-0.059633027522935755,,9.0,6.0,6.0,,0.75,16,12,0.25,X318d14cee3,P127,APPROVED,Not Applicable,2026-07-17T19:43:47.386000Z,2026-07-17T20:12:10.972000Z,2026-07-17T20:12:11.519000Z,2026-07-17T20:13:11.499132Z,1704.0,C41KI5X9,57,English,Logistics Specialist,26,Female,White,United Kingdom,United Kingdom,United Kingdom,English,No,Full-Time,high,2026-07-17 13:43:52,True,False,1,26.0,-1.0821428571428569,1.0,1.0,1.0,0.0,0.0,0.0,0.0,0.0,1.7558748556724915,-0.6993342710653536,0.0,0.0
P128,socratic,1,0,6,-1.7889908256880735,5,0.9403669724770642,,7.0,5.0,5.666666666666667,,0.625,16,10,0.0625,X6df92c216e,P128,APPROVED,Not Applicable,2026-07-17T19:34:11.428000Z,2026-07-17T20:13:21.912000Z,2026-07-17T20:13:22.403000Z,2026-07-17T20:14:22.361628Z,2351.0,C41KI5X9,78,English,Environmental Health Professional,40,Male,Black,Kenya,United Kingdom,Kenya,English,No,Full-Time,high,2026-07-17 13:34:15,True,False,1,40.0,0.31785714285714306,0.0,1.0,1.0,1.0,1.0,0.0,0.0,0.0,1.8920946026904804,-0.5631145240473647,1.0,0.0
P129,socratic,1,0,10,2.2110091743119265,5,0.9403669724770642,,6.333333333333333,4.0,5.0,,0.875,16,14,0.0,X0c5fad2587,P129,APPROVED,Not Applicable,2026-07-17T19:51:53.044000Z,2026-07-17T20:13:47.796000Z,2026-07-17T20:13:48.286000Z,2026-07-17T20:14:48.225264Z,1315.0,C41KI5X9,67,English,Manufacturing Engineer,33,Male,Other,Turkey,Slovenia,Turkey,Turkish,No,Full-Time,high,2026-07-17 13:51:56,True,False,1,33.0,-0.38214285714285695,0.0,0.0,0.0,1.0,0.0,0.0,0.0,0.0,1.8260748027008264,-0.6291343240370186,1.0,0.0
P131,unrestricted,0,1,8,0.21100917431192645,4,-0.059633027522935755,,9.0,3.6666666666666665,5.0,,1.0,16,16,0.0,X0782c7db86,P131,APPROVED,Not Applicable,2026-07-17T20:02:03.574000Z,2026-07-17T20:19:34.867000Z,2026-07-17T20:19:35.385000Z,2026-07-17T20:20:35.276927Z,1052.0,C41KI5X9,20,English,Web Developer,39,Male,White,Romania,Romania,Romania,Romanian,No,Part-Time,high,2026-07-17 14:02:13,True,False,1,39.0,0.21785714285714305,0.0,0.0,0.0,0.0,0.0,1.0,1.0,0.0,1.3010299956639813,-1.1541791310738638,0.0,1.0
P132,unrestricted,0,1,4,-3.7889908256880735,5,0.9403669724770642,,10.0,9.0,6.0,,0.75,16,12,0.1875,X89a4bcd837,P132,APPROVED,Not Applicable,2026-07-17T19:55:21.394000Z,2026-07-17T20:20:48.011000Z,2026-07-17T20:20:48.507000Z,2026-07-17T20:21:48.469969Z,1527.0,C41KI5X9,1435,"English, Russian, Estonian",Nurse,32,Female,White,Ukraine,Estonia,Russian Federation,Russian,No,Part-Time,high,2026-07-17 13:55:25,True,False,1,32.0,-0.48214285714285693,1.0,0.0,0.0,0.0,0.0,1.0,0.0,0.0,3.156851901070011,0.701642774332166,0.0,1.0
P133,socratic,1,0,6,-1.7889908256880735,1,-3.0596330275229358,,6.333333333333333,3.6666666666666665,6.0,,0.75,16,12,0.0625,X8587699078,P133,APPROVED,Not Applicable,2026-07-17T19:55:17.982000Z,2026-07-17T20:20:51.924000Z,2026-07-17T20:20:52.422000Z,2026-07-17T20:21:52.384273Z,1534.0,C41KI5X9,38,English,Occupational Therapist,27,Female,White,United Kingdom,United Kingdom,United Kingdom,English,Yes,Full-Time,high,2026-07-17 13:55:20,True,False,1,27.0,-0.982142857142857,1.0,1.0,1.0,0.0,0.0,0.0,0.0,1.0,1.5797835966168101,-0.875425530121035,1.0,0.0
P134,google,0,0,9,1.2110091743119265,3,-1.0596330275229358,,8.666666666666666,4.666666666666667,5.666666666666667,,0.875,16,14,0.0,X4081e513fd,P134,APPROVED,Not Applicable,2026-07-17T19:53:09.261000Z,2026-07-17T20:20:59.983000Z,2026-07-17T20:21:00.474000Z,2026-07-17T20:22:00.428879Z,1671.0,C41KI5X9,40,English,Psychologist,26,Female,White,Poland,Poland,Poland,Polish,No,Full-Time,high,2026-07-17 13:53:12,True,False,1,26.0,-1.0821428571428569,1.0,0.0,0.0,0.0,0.0,0.0,0.0,0.0,1.6020599913279623,-0.8531491354098828,0.0,0.0
P135,google,0,0,9,1.2110091743119265,4,-0.059633027522935755,,7.666666666666667,6.666666666666667,4.666666666666667,,0.6875,16,11,0.0625,X8603e78b5d,P135,APPROVED,Not Applicable,2026-07-17T19:59:04.133000Z,2026-07-17T20:21:23.595000Z,2026-07-17T20:21:25.953000Z,2026-07-17T20:22:24.045623Z,1340.0,C41KI5X9,243,English,Paralegal,28,Female,White,United Kingdom,United Kingdom,United Kingdom,English,No,Full-Time,high,2026-07-17 13:59:08,True,False,1,28.0,-0.8821428571428569,1.0,1.0,1.0,0.0,0.0,0.0,0.0,0.0,2.385606273598312,-0.06960285313953296,0.0,0.0
P136,socratic,1,0,6,-1.7889908256880735,5,0.9403669724770642,,3.0,2.3333333333333335,4.0,,0.625,16,10,0.0,Xebcf30536b,P136,APPROVED,Not Applicable,2026-07-17T20:08:56.647000Z,2026-07-17T20:21:42.956000Z,2026-07-17T20:21:43.483000Z,2026-07-17T20:22:43.373297Z,767.0,C41KI5X9,140,English,Account Manager,36,Male,White,United Kingdom,United Kingdom,United Kingdom,English,No,Full-Time,high,2026-07-17 14:09:04,True,False,1,36.0,-0.08214285714285693,0.0,1.0,1.0,0.0,0.0,0.0,0.0,0.0,2.146128035678238,-0.3090810910596069,1.0,0.0
P137,google,0,0,9,1.2110091743119265,3,-1.0596330275229358,,5.0,2.3333333333333335,6.333333333333333,,0.9375,16,15,0.0,Xbb254ff6fd,P137,APPROVED,Not Applicable,2026-07-17T19:57:29.450000Z,2026-07-17T20:23:50.337000Z,2026-07-17T20:23:50.822000Z,2026-07-17T20:24:50.773937Z,1581.0,C41KI5X9,477,English,Editor (Video / Audio / General),42,Female,White,United Kingdom,United Kingdom,United Kingdom,English,No,Full-Time,high,2026-07-17 13:57:32,True,False,1,42.0,0.517857142857143,1.0,1.0,1.0,0.0,0.0,0.0,0.0,0.0,2.678518379040114,0.22330925230226883,0.0,0.0
P138,socratic,1,0,9,1.2110091743119265,5,0.9403669724770642,,9.333333333333334,9.333333333333334,1.3333333333333333,,0.75,16,12,0.0625,Xcc5e37150a,P138,APPROVED,Not Applicable,2026-07-17T20:03:19.879000Z,2026-07-17T20:23:56.350000Z,2026-07-17T20:23:56.929000Z,2026-07-17T20:24:56.763268Z,1237.0,C41KI5X9,1178,"English, Portuguese",Marketing Manager,27,Female,White,Portugal,Portugal,Portugal,Portuguese,No,Part-Time,high,2026-07-17 14:03:22,True,False,1,27.0,-0.982142857142857,1.0,0.0,0.0,0.0,0.0,1.0,0.0,0.0,3.0711452904510828,0.6159361637132377,1.0,0.0
P139,google,0,0,8,0.21100917431192645,5,0.9403669724770642,,7.666666666666667,5.333333333333333,4.666666666666667,,0.8125,16,13,0.0,X777a350827,P139,APPROVED,Not Applicable,2026-07-17T20:06:18.763000Z,2026-07-17T20:26:01.155000Z,2026-07-17T20:26:01.642000Z,2026-07-17T20:27:01.601834Z,1183.0,C41KI5X9,271,"English, Spanish",Nurse,29,Female,White,Spain,Spain,Spain,Spanish,No,Full-Time,high,2026-07-17 14:06:20,True,False,1,29.0,-0.7821428571428569,1.0,0.0,0.0,0.0,0.0,0.0,0.0,0.0,2.432969290874406,-0.02223983586343925,0.0,0.0
P140,socratic,1,0,10,2.2110091743119265,3,-1.0596330275229358,,7.666666666666667,3.6666666666666665,4.333333333333333,,0.9375,16,15,0.0,X3d71d5e4c3,P140,APPROVED,Not Applicable,2026-07-17T20:06:03.044000Z,2026-07-17T20:26:30.578000Z,2026-07-17T20:26:31.032000Z,2026-07-17T20:27:31.013156Z,1228.0,C41KI5X9,1139,"English, Italian, Thai",Manufacturing Engineer,49,Male,White,Italy,United Kingdom,Italy,English,No,Full-Time,high,2026-07-17 14:06:06,True,False,1,49.0,1.217857142857143,0.0,1.0,1.0,0.0,0.0,0.0,0.0,0.0,3.0565237240791006,0.6013145973412555,1.0,0.0
P142,unrestricted,0,1,5,-2.7889908256880735,5,0.9403669724770642,,7.666666666666667,0.0,8.333333333333334,,0.75,16,12,0.0,X3167e0c51b,P142,APPROVED,Not Applicable,2026-07-17T19:45:49.149000Z,2026-07-17T20:28:05.708000Z,2026-07-17T20:28:06.229000Z,2026-07-17T20:29:06.190435Z,2537.0,C41KI5X9,586,"Polish, English",Art Teacher / Instructor,48,Female,White,Poland,Poland,Poland,Polish,No,Full-Time,high,2026-07-17 13:45:53,True,False,1,48.0,1.117857142857143,1.0,0.0,0.0,0.0,0.0,0.0,0.0,0.0,2.767897616018091,0.31268848928024573,0.0,1.0
P143,google,0,0,9,1.2110091743119265,3,-1.0596330275229358,,6.333333333333333,4.333333333333333,7.333333333333333,,0.875,16,14,0.0,X7aaeeb3dd6,P143,APPROVED,Not Applicable,2026-07-17T20:03:29.995000Z,2026-07-17T20:28:26.606000Z,2026-07-17T20:28:27.123000Z,2026-07-17T20:29:27.122206Z,1497.0,C41KI5X9,230,English,Data Analyst,30,Male,Black,United Kingdom,United Kingdom,United Kingdom,English,No,Full-Time,high,2026-07-17 14:03:34,True,False,1,30.0,-0.6821428571428569,0.0,1.0,1.0,1.0,1.0,0.0,1.0,0.0,2.361727836017593,-0.09348129072025202,0.0,0.0
P144,google,0,0,5,-2.7889908256880735,2,-2.0596330275229358,,8.333333333333334,5.0,2.0,,0.5625,16,9,0.1875,X9f08e1c154,P144,APPROVED,Not Applicable,2026-07-17T20:13:35.395000Z,2026-07-17T20:28:27.372000Z,2026-07-17T20:28:27.837000Z,2026-07-17T20:29:27.782467Z,892.0,C41KI5X9,2418,English,Marketing Manager,37,Female,White,United Kingdom,United Kingdom,United Kingdom,English,No,Full-Time,high,2026-07-17 14:13:37,True,False,1,37.0,0.01785714285714306,1.0,1.0,1.0,0.0,0.0,0.0,0.0,0.0,3.383456296524753,0.9282471697869079,0.0,0.0
P145,unrestricted,0,1,11,3.2110091743119265,5,0.9403669724770642,,9.0,7.333333333333333,6.0,,0.875,16,14,0.0,Xe3edd3594b,P145,APPROVED,Not Applicable,2026-07-17T20:06:33.259000Z,2026-07-17T20:29:32.374000Z,2026-07-17T20:29:32.839000Z,2026-07-17T20:30:32.800112Z,1380.0,C41KI5X9,334,"German, English",Research Scientist (STEM),40,Male,White,Germany,Germany,Germany,German,No,Full-Time,high,2026-07-17 14:06:35,True,False,1,40.0,0.31785714285714306,0.0,0.0,0.0,0.0,0.0,0.0,0.0,0.0,2.5237464668115646,0.06853734007371948,0.0,1.0
P146,unrestricted,0,1,6,-1.7889908256880735,5,0.9403669724770642,,7.666666666666667,2.0,5.666666666666667,,0.6875,16,11,0.0,X1f25e39263,P146,APPROVED,Not Applicable,2026-07-17T20:00:14.991000Z,2026-07-17T20:30:23.530000Z,2026-07-17T20:30:24.133000Z,2026-07-17T20:31:24.033315Z,1809.0,C41KI5X9,168,English,Civil Servant / Government Executive,46,Female,White,Portugal,United Kingdom,Portugal,Portuguese,No,Full-Time,high,2026-07-17 14:00:27,True,False,1,46.0,0.917857142857143,1.0,0.0,1.0,0.0,0.0,0.0,0.0,0.0,2.225309281725863,-0.22989984501198224,0.0,1.0
P150,google,0,0,5,-2.7889908256880735,5,0.9403669724770642,,10.0,5.333333333333333,8.333333333333334,,0.5,16,8,0.0,X9a50f4dfa6,P150,APPROVED,Not Applicable,2026-07-17T20:23:59.227000Z,2026-07-17T20:38:35.664000Z,2026-07-17T20:38:36.137000Z,2026-07-17T20:39:36.090111Z,877.0,C41KI5X9,465,English,Market Research Consultant,40,Male,Black,United Kingdom,United Kingdom,United Kingdom,English,Yes,Full-Time,high,2026-07-17 14:24:05,True,False,1,40.0,0.31785714285714306,0.0,1.0,1.0,1.0,1.0,0.0,0.0,1.0,2.667452952889954,0.2122438261521089,0.0,0.0
P151,unrestricted,0,1,7,-0.7889908256880735,4,-0.059633027522935755,,7.666666666666667,2.0,5.0,,0.5625,16,9,0.1875,X6a193617e0,P151,APPROVED,Not Applicable,2026-07-17T20:14:08.753000Z,2026-07-17T20:39:59.240000Z,2026-07-17T20:39:59.748000Z,2026-07-17T20:40:59.694520Z,1551.0,C41KI5X9,474,English,HR Manager / Specialist,44,Male,Black,Nigeria,United Kingdom,Nigeria,English,No,Full-Time,high,2026-07-17 14:14:14,True,False,1,44.0,0.7178571428571431,0.0,1.0,1.0,1.0,1.0,0.0,0.0,0.0,2.6757783416740852,0.22056921493624015,0.0,1.0
P152,google,0,0,9,1.2110091743119265,5,0.9403669724770642,,5.333333333333333,3.6666666666666665,7.0,,0.8125,16,13,0.0625,X7b6a4fb7f0,P152,APPROVED,Not Applicable,2026-07-17T20:21:28.122000Z,2026-07-17T20:40:14.874000Z,2026-07-17T20:40:15.303000Z,2026-07-17T20:41:15.256074Z,1127.0,C41KI5X9,481,English,Data Analyst,41,Male,Black,Kenya,United Kingdom,United Kingdom,English,No,Part-Time,high,2026-07-17 14:21:32,True,False,1,41.0,0.41785714285714304,0.0,1.0,1.0,1.0,1.0,1.0,1.0,0.0,2.682145076373832,0.22693594963598684,0.0,0.0
P153,socratic,1,0,3,-4.7889908256880735,4,-0.059633027522935755,,9.333333333333334,3.6666666666666665,5.666666666666667,,0.25,16,4,0.0,Xec07ea7c04,P153,APPROVED,Not Applicable,2026-07-17T20:03:08.113000Z,2026-07-17T20:41:10.042000Z,2026-07-17T20:41:10.530000Z,2026-07-17T20:42:10.480015Z,2282.0,C41KI5X9,2251,English,DevOps Engineer,35,Male,Black,Nigeria,United Kingdom,Nigeria,English,Yes,Part-Time,high,2026-07-17 14:03:13,True,False,1,35.0,-0.18214285714285694,0.0,1.0,1.0,1.0,1.0,1.0,1.0,1.0,3.35237549500052,0.8971663682626749,1.0,0.0
P154,unrestricted,0,1,2,-5.7889908256880735,4,-0.059633027522935755,,1.0,1.0,8.0,,0.1875,16,3,0.0,Xdab3499dfd,P154,APPROVED,Not Applicable,2026-07-17T20:01:33.170000Z,2026-07-17T20:41:11.687000Z,2026-07-17T20:41:12.159000Z,2026-07-17T20:42:12.132809Z,2379.0,C41KI5X9,263,English,Account Manager,32,Female,Black,United Kingdom,United Kingdom,United Kingdom,English,Yes,Part-Time,high,2026-07-17 14:03:36,True,False,1,32.0,-0.48214285714285693,1.0,1.0,1.0,1.0,1.0,1.0,0.0,1.0,2.419955748489758,-0.03525337824808705,0.0,1.0
P155,socratic,1,0,11,3.2110091743119265,5,0.9403669724770642,,4.333333333333333,6.0,0.0,,1.0,16,16,0.0,X9a748ab027,P155,APPROVED,Not Applicable,2026-07-17T20:28:34.905000Z,2026-07-17T20:41:23.417000Z,2026-07-17T20:41:24.346000Z,2026-07-17T20:42:23.844236Z,769.0,C41KI5X9,1083,English,Editor (Video / Audio / General),32,Female,White,United Kingdom,United Kingdom,United Kingdom,English,No,Full-Time,high,2026-07-17 14:28:36,True,False,1,32.0,-0.48214285714285693,1.0,1.0,1.0,0.0,0.0,0.0,0.0,0.0,3.0346284566253203,0.5794193298874752,1.0,0.0
P156,socratic,1,0,0,-7.7889908256880735,5,0.9403669724770642,,7.333333333333333,0.0,9.0,,0.9375,16,15,0.0,X01a9a0122d,P156,APPROVED,Not Applicable,2026-07-17T20:07:18.865000Z,2026-07-17T20:41:38.320000Z,2026-07-17T20:41:38.783000Z,2026-07-17T20:42:38.729805Z,2060.0,C41KI5X9,368,"English, Urdu, Punjabi",University Lecturer / Professor,45,Male,Asian,Pakistan,United Kingdom,Pakistan,English,No,Full-Time,high,2026-07-17 14:07:24,True,False,1,45.0,0.8178571428571431,0.0,1.0,1.0,1.0,0.0,0.0,0.0,0.0,2.5658478186735176,0.11063869193567255,1.0,0.0
P157,unrestricted,0,1,8,0.21100917431192645,5,0.9403669724770642,,10.0,10.0,1.0,,0.8125,16,13,0.1875,Xf9a277cb92,P157,APPROVED,Not Applicable,2026-07-17T20:22:04.262000Z,2026-07-17T20:42:04.529000Z,2026-07-17T20:42:05.576000Z,2026-07-17T20:43:05.530360Z,1201.0,C41KI5X9,145,English,HR Manager / Specialist,29,Female,Mixed,United Kingdom,United Kingdom,United Kingdom,English,No,Part-Time,high,2026-07-17 14:22:27,True,False,1,29.0,-0.7821428571428569,1.0,1.0,1.0,1.0,0.0,1.0,0.0,0.0,2.161368002234975,-0.29384112450287025,0.0,1.0
P158,unrestricted,0,1,0,-7.7889908256880735,3,-1.0596330275229358,,10.0,5.666666666666667,2.0,,0.9375,16,15,0.0,Xea6e22527a,P158,APPROVED,Not Applicable,2026-07-17T20:24:13.229000Z,2026-07-17T20:42:26.596000Z,2026-07-17T20:42:27.080000Z,2026-07-17T20:43:27.041619Z,1094.0,C41KI5X9,382,English,School Teaching Assistant,26,Female,Asian,United Kingdom,United Kingdom,United Kingdom,English,Yes,Part-Time,high,2026-07-17 14:24:18,True,False,1,26.0,-1.0821428571428569,1.0,1.0,1.0,1.0,0.0,1.0,0.0,1.0,2.582063362911709,0.12685423617386382,0.0,1.0
P159,unrestricted,0,1,7,-0.7889908256880735,5,0.9403669724770642,,8.666666666666666,3.6666666666666665,4.666666666666667,,0.8125,16,13,0.0,X1a34ddc21b,P159,APPROVED,Not Applicable,2026-07-17T20:21:26.874000Z,2026-07-17T20:43:57.204000Z,2026-07-17T20:43:57.680000Z,2026-07-17T20:44:57.618072Z,1351.0,C41KI5X9,127,English,Pharmacist,36,Male,White,United Kingdom,United Kingdom,United Kingdom,English,No,Full-Time,high,2026-07-17 14:21:30,True,False,1,36.0,-0.08214285714285693,0.0,1.0,1.0,0.0,0.0,0.0,0.0,0.0,2.103803720955957,-0.3514054057818883,0.0,1.0
P160,google,0,0,10,2.2110091743119265,5,0.9403669724770642,,2.3333333333333335,3.0,4.333333333333333,,0.8125,16,13,0.125,X74e10ec835,P160,APPROVED,Not Applicable,2026-07-17T20:20:53.062000Z,2026-07-17T20:46:56.915000Z,2026-07-17T20:46:57.421000Z,2026-07-17T20:47:57.371563Z,1564.0,C41KI5X9,38,English,Accountant,30,Female,Black,Nigeria,United Kingdom,Nigeria,English,No,Part-Time,high,2026-07-17 14:20:58,True,False,1,30.0,-0.6821428571428569,1.0,1.0,1.0,1.0,1.0,1.0,0.0,0.0,1.5797835966168101,-0.875425530121035,0.0,0.0
P161,socratic,1,0,7,-0.7889908256880735,4,-0.059633027522935755,,8.333333333333334,3.3333333333333335,7.0,,0.9375,16,15,0.0,Xbeb9767994,P161,APPROVED,Not Applicable,2026-07-17T20:21:56.155000Z,2026-07-17T20:48:04.909000Z,2026-07-17T20:48:06.079000Z,2026-07-17T20:49:05.325895Z,1569.0,C41KI5X9,1606,English,Financial / Investment Adviser,36,Male,Black,United Kingdom,United Kingdom,United Kingdom,English,No,Full-Time,high,2026-07-17 14:22:01,True,False,1,36.0,-0.08214285714285693,0.0,1.0,1.0,1.0,1.0,0.0,0.0,0.0,3.205745540942662,0.750536414204817,1.0,0.0
P162,unrestricted,0,1,10,2.2110091743119265,5,0.9403669724770642,,6.333333333333333,0.3333333333333333,6.333333333333333,,0.5,16,8,0.1875,Xf2957f4200,P162,APPROVED,Not Applicable,2026-07-17T20:26:41.852000Z,2026-07-17T20:48:18.269000Z,2026-07-17T20:48:18.757000Z,2026-07-17T20:49:18.692622Z,1297.0,C41KI5X9,72,"Spanish, English",Logistics Coordinator,42,Male,White,Argentina,Spain,Italy,Spanish,No,Part-Time,high,2026-07-17 14:26:45,True,False,1,42.0,0.517857142857143,0.0,0.0,0.0,0.0,0.0,1.0,0.0,0.0,1.8573324964312685,-0.5978766303065766,0.0,1.0
P163,google,0,0,11,3.2110091743119265,4,-0.059633027522935755,,8.333333333333334,2.6666666666666665,9.333333333333334,,1.0,16,16,0.0,Xffbf3f4c10,P163,APPROVED,Not Applicable,2026-07-17T20:12:12.064000Z,2026-07-17T20:48:25.519000Z,2026-07-17T20:48:26.006000Z,2026-07-17T20:49:25.961813Z,2174.0,C41KI5X9,460,English,Biologist,31,Male,Black,United Kingdom,United Kingdom,United Kingdom,English,No,Part-Time,high,2026-07-17 14:12:18,True,False,1,31.0,-0.582142857142857,0.0,1.0,1.0,1.0,1.0,1.0,0.0,0.0,2.662757831681574,0.2075487049437288,0.0,0.0
P164,unrestricted,0,1,9,1.2110091743119265,2,-2.0596330275229358,,10.0,6.333333333333333,0.0,,0.5625,16,9,0.3125,X7a07c2ba8b,P164,APPROVED,Not Applicable,2026-07-17T20:30:30.963000Z,2026-07-17T20:49:11.173000Z,2026-07-17T20:49:11.675000Z,2026-07-17T20:50:11.607983Z,1121.0,C41KI5X9,4429,English,Logistics Coordinator,61,Male,White,United Kingdom,United Kingdom,United Kingdom,English,No,Part-Time,high,2026-07-17 14:30:39,True,False,1,61.0,2.417857142857143,0.0,1.0,1.0,0.0,0.0,1.0,0.0,0.0,3.6463056802847587,1.1910965535469136,0.0,1.0
P165,google,0,0,9,1.2110091743119265,2,-2.0596330275229358,,9.0,4.333333333333333,3.0,,0.75,16,12,0.1875,X1f42478a6d,P165,APPROVED,Not Applicable,2026-07-17T20:20:02.388000Z,2026-07-17T20:52:30.967000Z,2026-07-17T20:52:31.462000Z,2026-07-17T20:53:31.439794Z,1949.0,C41KI5X9,325,"English, Swedish",Software Engineer / Developer,47,Male,White,Belgium,Netherlands,Netherlands,Dutch,No,Full-Time,,2026-07-17 14:29:08,True,False,1,47.0,1.017857142857143,0.0,0.0,0.0,0.0,0.0,0.0,1.0,0.0,2.5118833609788744,0.05667423424102935,0.0,0.0
P167,socratic,1,0,7,-0.7889908256880735,4,-0.059633027522935755,,10.0,9.0,2.0,,0.9375,16,15,0.0,X0210229f3c,P167,APPROVED,Not Applicable,2026-07-17T20:29:38.579000Z,2026-07-17T20:53:37.211000Z,2026-07-17T20:53:37.691000Z,2026-07-17T20:54:37.647486Z,1439.0,C41KI5X9,826,"Chinese, English",Product Designer,37,Male,Asian,United Kingdom,United Kingdom,United Kingdom,English,No,Full-Time,high,2026-07-17 14:29:41,True,False,1,37.0,0.01785714285714306,0.0,1.0,1.0,1.0,0.0,0.0,0.0,0.0,2.9169800473203824,0.4617709205825373,1.0,0.0
P168,unrestricted,0,1,10,2.2110091743119265,5,0.9403669724770642,,7.333333333333333,2.3333333333333335,1.6666666666666667,,0.4375,16,7,0.375,X595027160f,P168,APPROVED,Not Applicable,2026-07-17T20:41:02.916000Z,2026-07-17T20:54:19.947000Z,2026-07-17T20:54:20.454000Z,2026-07-17T20:55:20.459958Z,798.0,C41KI5X9,14,"English, Danish",Systems Administrator,25,Male,White,Denmark,Denmark,Denmark,Danish,Yes,Part-Time,high,2026-07-17 14:41:06,True,False,1,25.0,-1.182142857142857,0.0,0.0,0.0,0.0,0.0,1.0,1.0,1.0,1.146128035678238,-1.3090810910596071,0.0,1.0
P169,socratic,1,0,11,3.2110091743119265,5,0.9403669724770642,,5.0,0.6666666666666666,1.3333333333333333,,0.8125,16,13,0.0,Xa4fb0489b6,P169,APPROVED,Not Applicable,2026-07-17T20:28:32.184000Z,2026-07-17T20:57:58.052000Z,2026-07-17T20:57:58.564000Z,2026-07-17T20:58:58.492198Z,1766.0,C41KI5X9,39,"Portuguese, English",Quality Assurance Specialist,31,Male,Mixed,Colombia,Portugal,Colombia,Spanish,No,Full-Time,high,2026-07-17 14:28:34,True,False,1,31.0,-0.582142857142857,0.0,0.0,0.0,1.0,0.0,0.0,0.0,0.0,1.591064607026499,-0.864144519711346,1.0,0.0
P170,google,0,0,6,-1.7889908256880735,4,-0.059633027522935755,,0.0,0.0,9.0,,0.3125,16,5,0.0,X3fb32cb08c,P170,APPROVED,Not Applicable,2026-07-17T20:26:01.860000Z,2026-07-17T20:58:21.720000Z,2026-07-17T20:58:22.184000Z,2026-07-17T20:59:22.122734Z,1940.0,C41KI5X9,1355,"French, English",Software Engineer / Developer,31,Male,Black,United Kingdom,United Kingdom,United Kingdom,English,No,Full-Time,high,2026-07-17 14:26:10,True,False,1,31.0,-0.582142857142857,0.0,1.0,1.0,1.0,1.0,0.0,1.0,0.0,3.1319392952104246,0.6767301684725795,0.0,0.0
P171,unrestricted,0,1,10,2.2110091743119265,5,0.9403669724770642,,8.0,2.6666666666666665,3.3333333333333335,,0.8125,16,13,0.0,Xa68e057ebf,P171,APPROVED,Not Applicable,2026-07-17T20:41:32.751000Z,2026-07-17T21:00:55.498000Z,2026-07-17T21:00:55.978000Z,2026-07-17T21:01:55.932427Z,1163.0,C41KI5X9,283,English,Program Manager,39,Male,White,United Kingdom,United Kingdom,United Kingdom,English,No,Full-Time,high,2026-07-17 14:41:36,True,False,1,39.0,0.21785714285714305,0.0,1.0,1.0,0.0,0.0,0.0,0.0,0.0,2.45178643552429,-0.0034226912135548737,0.0,1.0
P172,socratic,1,0,9,1.2110091743119265,5,0.9403669724770642,,3.6666666666666665,1.0,5.0,,0.875,16,14,0.0625,Xd5fcfd65c9,P172,APPROVED,Not Applicable,2026-07-17T20:38:58.970000Z,2026-07-17T21:01:11.072000Z,2026-07-17T21:01:11.562000Z,2026-07-17T21:02:11.509235Z,1333.0,C41KI5X9,474,"German, English",Family Physician / General Practitioner,38,Male,White,Germany,Germany,Germany,German,No,Part-Time,high,2026-07-17 14:39:07,True,False,1,38.0,0.11785714285714306,0.0,0.0,0.0,0.0,0.0,1.0,0.0,0.0,2.6757783416740852,0.22056921493624015,1.0,0.0
P173,google,0,0,11,3.2110091743119265,5,0.9403669724770642,,7.0,6.666666666666667,9.0,,0.875,16,14,0.0,X6a50a675e4,P173,APPROVED,Not Applicable,2026-07-17T20:41:18.729000Z,2026-07-17T21:01:45.510000Z,2026-07-17T21:01:46.026000Z,2026-07-17T21:02:45.970286Z,1227.0,C41KI5X9,230,English,Accountant,38,Male,White,United Kingdom,United Kingdom,United Kingdom,English,No,Full-Time,high,2026-07-17 14:41:22,True,False,1,38.0,0.11785714285714306,0.0,1.0,1.0,0.0,0.0,0.0,0.0,0.0,2.361727836017593,-0.09348129072025202,0.0,0.0
P174,socratic,1,0,7,-0.7889908256880735,3,-1.0596330275229358,,10.0,6.666666666666667,4.333333333333333,,0.8125,16,13,0.125,X183954421c,P174,APPROVED,Not Applicable,2026-07-17T20:41:54.815000Z,2026-07-17T21:02:12.306000Z,2026-07-17T21:02:12.820000Z,2026-07-17T21:03:12.755244Z,1218.0,C41KI5X9,152,"English, Polish",HR Manager / Specialist,35,Female,White,Poland,Poland,Poland,Polish,No,Full-Time,high,2026-07-17 14:42:00,True,False,1,35.0,-0.18214285714285694,1.0,0.0,0.0,0.0,0.0,0.0,0.0,0.0,2.1818435879447726,-0.27336553879307246,1.0,0.0
P175,socratic,1,0,9,1.2110091743119265,5,0.9403669724770642,,8.666666666666666,8.666666666666666,0.0,,0.8125,16,13,0.0625,X8b98762d0c,P175,APPROVED,Not Applicable,2026-07-17T20:44:32.620000Z,2026-07-17T21:05:25.114000Z,2026-07-17T21:05:25.547000Z,2026-07-17T21:06:25.499240Z,1253.0,C41KI5X9,485,English,Pharmacy Technician,34,Male,White,United Kingdom,United Kingdom,United Kingdom,English,No,Full-Time,high,2026-07-17 14:44:34,True,False,1,34.0,-0.2821428571428569,0.0,1.0,1.0,0.0,0.0,0.0,0.0,0.0,2.6857417386022635,0.23053261186441842,1.0,0.0
P176,google,0,0,9,1.2110091743119265,5,0.9403669724770642,,9.333333333333334,5.666666666666667,6.0,,0.75,16,12,0.0625,Xec3ebb2659,P176,APPROVED,Not Applicable,2026-07-17T20:42:12.232000Z,2026-07-17T21:07:16.217000Z,2026-07-17T21:07:16.689000Z,2026-07-17T21:08:16.634269Z,1504.0,C41KI5X9,338,"English, French",Transport Planner,26,Male,White,France,France,France,French,Yes,Full-Time,high,2026-07-17 14:42:14,True,False,1,26.0,-1.0821428571428569,0.0,0.0,0.0,0.0,0.0,0.0,0.0,1.0,2.5289167002776547,0.07370757353980961,0.0,0.0
P177,socratic,1,0,4,-3.7889908256880735,4,-0.059633027522935755,,10.0,10.0,0.0,,0.5625,16,9,0.0625,Xeee2e95740,P177,APPROVED,Not Applicable,2026-07-17T20:53:41.469000Z,2026-07-17T21:09:27.274000Z,2026-07-17T21:09:27.741000Z,2026-07-17T21:10:27.676837Z,946.0,C41KI5X9,151,English,Radiology / Imaging Technician,30,Female,White,United Kingdom,United Kingdom,United Kingdom,English,No,Full-Time,high,2026-07-17 14:53:48,True,False,1,30.0,-0.6821428571428569,1.0,1.0,1.0,0.0,0.0,0.0,0.0,0.0,2.1789769472931693,-0.2762321794446758,1.0,0.0
P178,google,0,0,8,0.21100917431192645,4,-0.059633027522935755,,8.0,4.0,2.0,,0.75,16,12,0.125,X512d2bb242,P178,APPROVED,Not Applicable,2026-07-17T20:58:25.883000Z,2026-07-17T21:11:36.633000Z,2026-07-17T21:11:37.127000Z,2026-07-17T21:12:37.062835Z,791.0,C41KI5X9,167,English,Software Engineer / Developer,27,Prefer not to say,White,Netherlands,Netherlands,Netherlands,Dutch,No,Full-Time,high,2026-07-17 14:58:35,True,False,1,27.0,-0.982142857142857,,0.0,0.0,0.0,0.0,0.0,1.0,0.0,2.2227164711475833,-0.23249265559026178,0.0,0.0
P179,unrestricted,0,1,11,3.2110091743119265,4,-0.059633027522935755,,9.666666666666666,3.0,1.6666666666666667,,0.6875,16,11,0.125,X3bd11f2701,P179,APPROVED,Not Applicable,2026-07-17T20:49:15.323000Z,2026-07-17T21:13:28.618000Z,2026-07-17T21:13:29.131000Z,2026-07-17T21:14:29.105119Z,1454.0,C41KI5X9,10599,English,Accountant,52,Female,White,United Kingdom,United Kingdom,United Kingdom,English,No,Part-Time,high,2026-07-17 14:49:18,True,False,1,52.0,1.517857142857143,1.0,1.0,1.0,0.0,0.0,1.0,0.0,0.0,4.025264892154508,1.5700557654166625,0.0,1.0
P180,unrestricted,0,1,9,1.2110091743119265,4,-0.059633027522935755,,8.666666666666666,4.333333333333333,6.333333333333333,,0.4375,16,7,0.3125,X17cc75b44d,P180,APPROVED,Not Applicable,2026-07-17T20:58:25.725000Z,2026-07-17T21:13:35.294000Z,2026-07-17T21:13:35.760000Z,2026-07-17T21:14:35.720590Z,910.0,C41KI5X9,497,English,Architect,40,Female,White,United Kingdom,United Kingdom,United Kingdom,English,No,Full-Time,high,2026-07-17 14:58:32,True,False,1,40.0,0.31785714285714306,1.0,1.0,1.0,0.0,0.0,0.0,0.0,0.0,2.696356388733332,0.24114726199548686,0.0,1.0
P181,google,0,0,5,-2.7889908256880735,2,-2.0596330275229358,,9.666666666666666,5.333333333333333,2.3333333333333335,,0.75,16,12,0.125,X31ef2008f2,P181,APPROVED,Not Applicable,2026-07-17T20:42:44.378000Z,2026-07-17T21:14:54.656000Z,2026-07-17T21:14:55.151000Z,2026-07-17T21:15:55.096591Z,1931.0,C41KI5X9,44,English,UX/UI Designer,39,Female,Mixed,Colombia,Spain,Colombia,Spanish,No,Full-Time,high,2026-07-17 14:42:48,True,False,1,39.0,0.21785714285714305,1.0,0.0,0.0,1.0,0.0,0.0,0.0,0.0,1.6434526764861874,-0.8117564502516577,0.0,0.0
P182,google,0,0,8,0.21100917431192645,3,-1.0596330275229358,,4.666666666666667,3.6666666666666665,6.666666666666667,,0.5625,16,9,0.0,X5baab09ccd,P182,APPROVED,Not Applicable,2026-07-17T20:29:33.146000Z,2026-07-17T21:16:01.576000Z,2026-07-17T21:16:02.062000Z,2026-07-17T21:17:02.035459Z,2789.0,C41KI5X9,251,"English, French",Data Analyst,30,Male,Black,United Kingdom,United Kingdom,United Kingdom,English,No,Part-Time,,2026-07-17 14:30:05,True,False,1,30.0,-0.6821428571428569,0.0,1.0,1.0,1.0,1.0,1.0,1.0,0.0,2.399673721481038,-0.05553540525680711,0.0,0.0
P183,socratic,1,0,2,-5.7889908256880735,5,0.9403669724770642,,10.0,10.0,0.0,,0.5625,16,9,0.25,X5e4c4e2a23,P183,APPROVED,Not Applicable,2026-07-17T20:52:48.498000Z,2026-07-17T21:17:53.893000Z,2026-07-17T21:17:54.352000Z,2026-07-17T21:18:54.293264Z,1506.0,C41KI5X9,622,English,Teaching Assistant (General),35,Female,Asian,United Kingdom,United Kingdom,United Kingdom,English,No,Full-Time,high,2026-07-17 14:52:52,True,False,1,35.0,-0.18214285714285694,1.0,1.0,1.0,1.0,0.0,0.0,0.0,0.0,2.7937903846908188,0.33858125795297367,1.0,0.0
P184,unrestricted,0,1,4,-3.7889908256880735,4,-0.059633027522935755,,6.666666666666667,8.333333333333334,1.0,,0.375,16,6,0.25,Xcd8e41db45,P184,APPROVED,Not Applicable,2026-07-17T20:48:31.620000Z,2026-07-17T21:18:19.411000Z,2026-07-17T21:18:20.452000Z,2026-07-17T21:19:20.390489Z,1788.0,C41KI5X9,58,English,Supply Chain Manager,42,Male,Black,Netherlands,Netherlands,Netherlands,English,No,Full-Time,high,2026-07-17 14:48:35,True,False,1,42.0,0.517857142857143,0.0,1.0,0.0,1.0,1.0,0.0,0.0,0.0,1.7634279935629373,-0.6917811331749077,0.0,1.0
P185,socratic,1,0,11,3.2110091743119265,3,-1.0596330275229358,,8.0,9.0,3.6666666666666665,,0.8125,16,13,0.0,X54057add91,P185,APPROVED,Not Applicable,2026-07-17T21:02:28.464000Z,2026-07-17T21:22:35.975000Z,2026-07-17T21:22:36.464000Z,2026-07-17T21:23:36.391439Z,1208.0,C41KI5X9,396,English,Software Engineer / Developer,28,Male,White,Netherlands,Netherlands,Netherlands,Dutch,No,Full-Time,high,2026-07-17 15:02:31,True,False,1,28.0,-0.8821428571428569,0.0,0.0,0.0,0.0,0.0,0.0,1.0,0.0,2.597695185925512,0.1424860591876671,1.0,0.0
P186,socratic,1,0,10,2.2110091743119265,3,-1.0596330275229358,,7.666666666666667,6.666666666666667,8.333333333333334,,0.8125,16,13,0.0,Xf93321269c,P186,APPROVED,Not Applicable,2026-07-17T20:47:52.490000Z,2026-07-17T21:22:51.970000Z,2026-07-17T21:22:52.462000Z,2026-07-17T21:23:52.428784Z,2100.0,C41KI5X9,29,"English, Slovak",UX/UI Designer,25,Female,White,Czech Republic,Czech Republic,Czech Republic,Czech,Yes,Part-Time,high,2026-07-17 14:47:57,True,False,1,25.0,-1.182142857142857,1.0,0.0,0.0,0.0,0.0,1.0,0.0,1.0,1.462397997898956,-0.992811128838889,1.0,0.0
P187,unrestricted,0,1,4,-3.7889908256880735,4,-0.059633027522935755,,3.0,4.333333333333333,7.0,,0.8125,16,13,0.0,Xad2c1e468d,P187,APPROVED,Not Applicable,2026-07-17T20:42:47.390000Z,2026-07-17T21:23:10.755000Z,2026-07-17T21:23:11.195000Z,2026-07-17T21:24:11.137076Z,2424.0,C41KI5X9,438,"English, German",Market Research Analyst,58,Male,Black,United Kingdom,United Kingdom,United Kingdom,English,No,Full-Time,high,2026-07-17 14:42:52,True,False,1,58.0,2.117857142857143,0.0,1.0,1.0,1.0,1.0,0.0,0.0,0.0,2.6414741105040997,0.18626498376625467,0.0,1.0
P188,unrestricted,0,1,5,-2.7889908256880735,5,0.9403669724770642,,8.666666666666666,6.666666666666667,7.333333333333333,,0.625,16,10,0.0,X7a652dfc0a,P188,APPROVED,Not Applicable,2026-07-17T21:05:25.230000Z,2026-07-17T21:23:41.123000Z,2026-07-17T21:23:41.602000Z,2026-07-17T21:24:41.542140Z,1096.0,C41KI5X9,498,"English, Spanish, German",Graphic Designer,49,Male,White,Netherlands,Netherlands,Spain,Dutch,No,Full-Time,high,2026-07-17 15:05:28,True,False,1,49.0,1.217857142857143,0.0,0.0,0.0,0.0,0.0,0.0,0.0,0.0,2.6972293427597176,0.24202021602187251,0.0,1.0
P189,google,0,0,5,-2.7889908256880735,3,-1.0596330275229358,,7.0,4.0,9.0,,0.75,16,12,0.0,X144cbe930c,P189,APPROVED,Not Applicable,2026-07-17T20:49:42.567000Z,2026-07-17T21:24:03.245000Z,2026-07-17T21:24:03.683000Z,2026-07-17T21:25:03.641646Z,2061.0,C41KI5X9,18,"German, English",Early Childhood Educator (Preschool / Nursery / Kindergarten),41,Female,White,Turkey,Germany,Turkey,Turkish,No,Part-Time,high,2026-07-17 14:49:46,True,False,1,41.0,0.41785714285714304,1.0,0.0,0.0,0.0,0.0,1.0,0.0,0.0,1.255272505103306,-1.199936621634539,0.0,0.0
P191,unrestricted,0,1,10,2.2110091743119265,5,0.9403669724770642,,6.0,2.3333333333333335,4.666666666666667,,0.875,16,14,0.0,X3a99437c92,P191,APPROVED,Not Applicable,2026-07-17T21:02:38.111000Z,2026-07-17T21:25:39.717000Z,2026-07-17T21:25:40.259000Z,2026-07-17T21:26:40.169618Z,1382.0,C41KI5X9,180,"English, Dutch, Arabic",Software Engineer / Developer,31,Male,Prefer not to say,Belgium,Belgium,Belgium,Dutch,No,Part-Time,high,2026-07-17 15:02:40,True,False,1,31.0,-0.582142857142857,0.0,0.0,0.0,,,1.0,1.0,0.0,2.255272505103306,-0.19993662163453907,0.0,1.0
P192,unrestricted,0,1,10,2.2110091743119265,4,-0.059633027522935755,,7.0,5.0,1.0,,0.75,16,12,0.0,Xff4ef4f720,P192,APPROVED,Not Applicable,2026-07-17T20:54:23.817000Z,2026-07-17T21:26:38.615000Z,2026-07-17T21:26:39.121000Z,2026-07-17T21:27:39.064472Z,1935.0,C41KI5X9,61,English,Teaching Assistant (General),25,Female,White,Poland,Poland,Poland,Polish,Yes,Part-Time,high,2026-07-17 14:54:27,True,False,1,25.0,-1.182142857142857,1.0,0.0,0.0,0.0,0.0,1.0,0.0,1.0,1.7853298350107671,-0.6698792917270779,0.0,1.0
P193,socratic,1,0,6,-1.7889908256880735,5,0.9403669724770642,,9.0,6.333333333333333,7.0,,0.6875,16,11,0.0625,Xde9bd58833,P193,APPROVED,Not Applicable,2026-07-17T21:09:42.405000Z,2026-07-17T21:28:27.977000Z,2026-07-17T21:28:28.453000Z,2026-07-17T21:29:28.374802Z,1126.0,C41KI5X9,212,English,Data Analyst,30,Female,Black,United Kingdom,United Kingdom,United Kingdom,English,No,Part-Time,high,2026-07-17 15:09:48,True,False,1,30.0,-0.6821428571428569,1.0,1.0,1.0,1.0,1.0,1.0,1.0,0.0,2.326335860928751,-0.12887326580909386,1.0,0.0
P194,unrestricted,0,1,4,-3.7889908256880735,4,-0.059633027522935755,,8.0,3.3333333333333335,7.666666666666667,,0.875,16,14,0.0,Xace8bb23fe,P194,APPROVED,Not Applicable,2026-07-17T21:01:26.743000Z,2026-07-17T21:29:38.098000Z,2026-07-17T21:29:38.581000Z,2026-07-17T21:30:38.508194Z,1692.0,C41KI5X9,632,English,Logistics Coordinator,29,Female,Black,Kenya,United Kingdom,Kenya,English,No,Part-Time,high,2026-07-17 15:01:38,True,False,1,29.0,-0.7821428571428569,1.0,1.0,1.0,1.0,1.0,1.0,0.0,0.0,2.800717078282385,0.34550795154454006,0.0,1.0
P195,socratic,1,0,8,0.21100917431192645,5,0.9403669724770642,,9.666666666666666,3.6666666666666665,9.333333333333334,,0.9375,16,15,0.0,Xef8bb07c16,P195,APPROVED,Not Applicable,2026-07-17T20:48:14.452000Z,2026-07-17T21:29:39.583000Z,2026-07-17T21:29:40.034000Z,2026-07-17T21:30:39.990210Z,2486.0,C41KI5X9,95,English,IT Project Manager,40,Male,Black,Kenya,United Kingdom,United Kingdom,English,No,Full-Time,high,2026-07-17 14:48:20,True,False,1,40.0,0.31785714285714306,0.0,1.0,1.0,1.0,1.0,0.0,1.0,0.0,1.9777236052888478,-0.47748552144899725,1.0,0.0
P196,google,0,0,2,-5.7889908256880735,5,0.9403669724770642,,6.0,5.0,5.0,,0.9375,16,15,0.0,X1ce2e00924,P196,APPROVED,Not Applicable,2026-07-17T21:01:44.119000Z,2026-07-17T21:30:30.536000Z,2026-07-17T21:30:31.054000Z,2026-07-17T21:31:31.030405Z,1727.0,C41KI5X9,201,"English, French",IT Project Manager,31,Female,Black,United Kingdom,United Kingdom,United Kingdom,English,No,Full-Time,high,2026-07-17 15:01:48,True,False,1,31.0,-0.582142857142857,1.0,1.0,1.0,1.0,1.0,0.0,1.0,0.0,2.303196057420489,-0.15201306931735603,0.0,0.0
P197,socratic,1,0,5,-2.7889908256880735,4,-0.059633027522935755,,7.666666666666667,7.666666666666667,7.666666666666667,,0.5,16,8,0.0,Xb345111ecc,P197,APPROVED,Not Applicable,2026-07-17T21:18:20.738000Z,2026-07-17T21:31:52.133000Z,2026-07-17T21:31:52.608000Z,2026-07-17T21:32:52.563280Z,812.0,C41KI5X9,224,English,Business Analyst,26,Female,Mixed,United Kingdom,United Kingdom,United Kingdom,English,No,Full-Time,high,2026-07-17 15:21:07,True,False,1,26.0,-1.0821428571428569,1.0,1.0,1.0,1.0,0.0,0.0,0.0,0.0,2.3502480183341627,-0.10496110840368233,1.0,0.0
P198,unrestricted,0,1,12,4.2110091743119265,5,0.9403669724770642,,6.333333333333333,6.666666666666667,3.6666666666666665,,0.875,16,14,0.0,Xbe1f97a4e0,P198,AWAITING REVIEW,Not Applicable,2026-07-17T21:23:09.755000Z,2026-07-17T21:32:29.567000Z,,2026-07-17T21:33:29.968282Z,560.0,C41KI5X9,631,English,Data Engineer,45,Male,White,United Kingdom,United Kingdom,United Kingdom,English,No,Full-Time,high,2026-07-17 15:23:12,True,False,1,45.0,0.8178571428571431,0.0,1.0,1.0,0.0,0.0,0.0,1.0,0.0,2.8000293592441343,0.34482023250628924,0.0,1.0
P199,google,0,0,11,3.2110091743119265,2,-2.0596330275229358,,4.0,1.6666666666666667,6.333333333333333,,0.6875,16,11,0.0,X26323c5a26,P199,APPROVED,Not Applicable,2026-07-17T21:18:23.332000Z,2026-07-17T21:34:27.288000Z,2026-07-17T21:34:27.742000Z,2026-07-17T21:35:27.698053Z,964.0,C41KI5X9,192,"English, Spanish",Customer Success Manager,45,Female,White,France,United Kingdom,France,French,No,Full-Time,high,2026-07-17 15:18:27,True,False,1,45.0,0.8178571428571431,1.0,0.0,1.0,0.0,0.0,0.0,0.0,0.0,2.2833012287035497,-0.1719078980342954,0.0,0.0
P200,google,0,0,7,-0.7889908256880735,5,0.9403669724770642,,5.333333333333333,2.3333333333333335,6.666666666666667,,0.6875,16,11,0.0,X3dbefd2238,P200,APPROVED,Not Applicable,2026-07-17T21:07:17.699000Z,2026-07-17T21:36:00.113000Z,2026-07-17T21:36:00.603000Z,2026-07-17T21:37:00.546935Z,1723.0,C41KI5X9,364,"English, French",Project Manager,31,Male,Black,United Kingdom,United Kingdom,United Kingdom,English,No,Part-Time,high,2026-07-17 15:07:23,True,False,1,31.0,-0.582142857142857,0.0,1.0,1.0,1.0,1.0,1.0,0.0,0.0,2.561101383649056,0.10589225691121085,0.0,0.0
P201,google,0,0,10,2.2110091743119265,3,-1.0596330275229358,,7.333333333333333,2.3333333333333335,1.0,,0.75,16,12,0.125,Xb375806de5,P201,AWAITING REVIEW,Not Applicable,2026-07-17T21:28:37.852000Z,2026-07-17T21:40:14.161000Z,,2026-07-17T21:41:14.569268Z,697.0,C41KI5X9,68,English,Other Healthcare Professional,29,Female,White,France,United Kingdom,France,French,Yes,Part-Time,high,2026-07-17 15:28:39,True,False,1,29.0,-0.7821428571428569,1.0,0.0,1.0,0.0,0.0,1.0,0.0,1.0,1.8325089127062364,-0.6227002140316087,0.0,0.0
P202,google,0,0,8,0.21100917431192645,3,-1.0596330275229358,,10.0,0.0,0.0,,0.625,16,10,0.0625,Xdb3e30ce5f,P202,APPROVED,Not Applicable,2026-07-17T21:22:07.288000Z,2026-07-17T21:40:59.848000Z,2026-07-17T21:41:01.795000Z,2026-07-17T21:42:01.729971Z,1133.0,C41KI5X9,904,English,Administrative Assistant / Secretary (Secretary / Personal Assistant),40,Female,White,United Kingdom,United Kingdom,United Kingdom,English,No,Full-Time,high,2026-07-17 15:22:10,True,False,1,40.0,0.31785714285714306,1.0,1.0,1.0,0.0,0.0,0.0,0.0,0.0,2.9561684304753633,0.5009593037375182,0.0,0.0
P203,socratic,1,0,4,-3.7889908256880735,5,0.9403669724770642,,10.0,3.6666666666666665,5.666666666666667,,0.5,16,8,0.0,X5349989d76,P203,APPROVED,Not Applicable,2026-07-17T21:23:15.083000Z,2026-07-17T21:43:18.908000Z,2026-07-17T21:43:19.413000Z,2026-07-17T21:44:19.372391Z,1204.0,C41KI5X9,213,"Armenian, Russian, English, Swedish",Account Manager,39,Female,White,Armenia,Sweden,Armenia,Armenian,No,Full-Time,high,2026-07-17 15:23:19,True,False,1,39.0,0.21785714285714305,1.0,0.0,0.0,0.0,0.0,0.0,0.0,0.0,2.3283796034387376,-0.12682952329910746,1.0,0.0
P204,unrestricted,0,1,2,-5.7889908256880735,4,-0.059633027522935755,,8.666666666666666,6.666666666666667,4.333333333333333,,0.6875,16,11,0.1875,X444d296857,P204,APPROVED,Not Applicable,2026-07-17T21:25:00.568000Z,2026-07-17T21:45:03.872000Z,2026-07-17T21:45:04.546000Z,2026-07-17T21:46:04.484622Z,1204.0,C41KI5X9,300,English,Customer Service Representative,28,Female,Black,United Kingdom,United Kingdom,United Kingdom,English,No,Full-Time,high,2026-07-17 15:25:04,True,False,1,28.0,-0.8821428571428569,1.0,1.0,1.0,1.0,1.0,0.0,0.0,0.0,2.4771212547196626,0.02191212798181752,0.0,1.0
P205,unrestricted,0,1,7,-0.7889908256880735,4,-0.059633027522935755,,6.666666666666667,0.0,1.3333333333333333,,0.5,16,8,0.4375,X46dabfbaad,P205,APPROVED,Not Applicable,2026-07-17T21:25:40.604000Z,2026-07-17T21:48:15.049000Z,2026-07-17T21:48:15.514000Z,2026-07-17T21:49:15.457015Z,1355.0,C41KI5X9,1446,"English, Spanish",Secondary School Teacher (High School Teacher),56,Female,White,United Kingdom,Spain,Spain,English,No,Part-Time,high,2026-07-17 15:25:45,True,False,1,56.0,1.9178571428571431,1.0,1.0,0.0,0.0,0.0,1.0,0.0,0.0,3.160168292958512,0.7049591662206671,0.0,1.0
P206,unrestricted,0,1,11,3.2110091743119265,4,-0.059633027522935755,,7.0,1.3333333333333333,5.0,,0.625,16,10,0.25,X0769d190db,P206,APPROVED,Not Applicable,2026-07-17T21:22:22.729000Z,2026-07-17T21:48:59.431000Z,2026-07-17T21:48:59.907000Z,2026-07-17T21:49:59.829902Z,1597.0,C41KI5X9,101,English,Risk Analyst,28,Male,White,United Kingdom,United Kingdom,United Kingdom,English,No,Full-Time,high,2026-07-17 15:22:44,True,False,1,28.0,-0.8821428571428569,0.0,1.0,1.0,0.0,0.0,0.0,0.0,0.0,2.0043213737826426,-0.45088775295520245,0.0,1.0
P207,socratic,1,0,6,-1.7889908256880735,5,0.9403669724770642,,8.333333333333334,8.333333333333334,4.333333333333333,,0.875,16,14,0.0,Xbdead271c0,P207,APPROVED,Not Applicable,2026-07-17T21:16:57.614000Z,2026-07-17T21:54:17.001000Z,2026-07-17T21:54:17.502000Z,2026-07-17T21:55:17.442777Z,2240.0,C41KI5X9,152,"Arabic, English",Software Engineer / Developer,25,Male,White,Egypt,Italy,Egypt,Arabic,Yes,Part-Time,high,2026-07-17 15:17:00,True,False,1,25.0,-1.182142857142857,0.0,0.0,0.0,0.0,0.0,1.0,1.0,1.0,2.1818435879447726,-0.27336553879307246,1.0,0.0
P208,unrestricted,0,1,8,0.21100917431192645,2,-2.0596330275229358,,9.0,4.666666666666667,2.6666666666666665,,1.0,16,16,0.0,Xc78145e5ed,P208,APPROVED,Not Applicable,2026-07-17T21:36:41.800000Z,2026-07-17T21:55:56.979000Z,2026-07-17T21:55:57.441000Z,2026-07-17T21:56:57.387891Z,1156.0,C41KI5X9,4880,English,Administrative Assistant / Secretary (Secretary / Personal Assistant),62,Female,White,United Kingdom,United Kingdom,United Kingdom,English,No,Part-Time,high,2026-07-17 15:36:45,True,False,1,62.0,2.5178571428571432,1.0,1.0,1.0,0.0,0.0,1.0,0.0,0.0,3.6884198220027105,1.2332106952648654,0.0,1.0
P209,socratic,1,0,7,-0.7889908256880735,5,0.9403669724770642,,9.0,7.0,3.3333333333333335,,0.875,16,14,0.0,Xf22e48e049,P209,APPROVED,Not Applicable,2026-07-17T21:35:34.661000Z,2026-07-17T21:56:47.125000Z,2026-07-17T21:56:47.618000Z,2026-07-17T21:57:47.583358Z,1273.0,C41KI5X9,54,English,Property Manager,25,Female,White,Poland,Poland,Poland,Polish,No,Full-Time,high,2026-07-17 15:35:36,True,False,1,25.0,-1.182142857142857,1.0,0.0,0.0,0.0,0.0,0.0,0.0,0.0,1.7323937598229686,-0.7228153669148765,1.0,0.0
P210,google,0,0,7,-0.7889908256880735,2,-2.0596330275229358,,8.666666666666666,8.0,1.6666666666666667,,0.8125,16,13,0.0,X936f7d906f,P210,APPROVED,Not Applicable,2026-07-17T21:11:50.429000Z,2026-07-17T22:01:13.490000Z,2026-07-17T22:01:14.110000Z,2026-07-17T22:02:14.071911Z,2964.0,C41KI5X9,12540,English,Risk Manager,60,Female,White,United Kingdom,United Kingdom,United Kingdom,English,No,Part-Time,high,2026-07-17 15:11:53,True,False,1,60.0,2.317857142857143,1.0,1.0,1.0,0.0,0.0,1.0,0.0,0.0,4.098297536494697,1.643088409756852,0.0,0.0
P211,google,0,0,7,-0.7889908256880735,4,-0.059633027522935755,,2.0,0.0,10.0,,0.9375,16,15,0.0,X007afc3a8b,P211,APPROVED,Not Applicable,2026-07-17T21:40:34.997000Z,2026-07-17T22:01:52.701000Z,2026-07-17T22:01:53.167000Z,2026-07-17T22:02:54.016512Z,1278.0,C41KI5X9,151,"English, Albanian",Account Manager,43,Male,White,Germany,Germany,Albania,German,No,Full-Time,high,2026-07-17 15:40:43,True,False,1,43.0,0.6178571428571431,0.0,0.0,0.0,0.0,0.0,0.0,0.0,0.0,2.1789769472931693,-0.2762321794446758,0.0,0.0
P213,google,0,0,8,0.21100917431192645,4,-0.059633027522935755,,8.0,6.333333333333333,7.0,,0.8125,16,13,0.0,Xe54f678bfd,P213,APPROVED,Not Applicable,2026-07-17T21:24:47.903000Z,2026-07-17T22:10:13.391000Z,2026-07-17T22:10:13.896000Z,2026-07-17T22:11:13.843672Z,2726.0,C41KI5X9,339,"Portuguese, English",Software Engineer / Developer,35,Female,White,Portugal,Portugal,Portugal,Portuguese,No,Full-Time,high,2026-07-17 15:24:50,True,False,1,35.0,-0.18214285714285694,1.0,0.0,0.0,0.0,0.0,0.0,1.0,0.0,2.530199698203082,0.07499057146523702,0.0,0.0
P214,unrestricted,0,1,9,1.2110091743119265,3,-1.0596330275229358,,5.0,3.6666666666666665,6.0,,0.9375,16,15,0.0,X3f05216317,P214,APPROVED,Not Applicable,2026-07-17T21:36:36.949000Z,2026-07-17T22:11:33.174000Z,2026-07-17T22:11:33.632000Z,2026-07-17T22:12:33.592561Z,2097.0,C41KI5X9,351,"English, French",Project Manager,46,Male,White,France,France,France,French,No,Part-Time,high,2026-07-17 15:36:40,True,False,1,46.0,0.917857142857143,0.0,0.0,0.0,0.0,0.0,1.0,0.0,0.0,2.545307116465824,0.09009798972797878,0.0,1.0
P215,socratic,1,0,10,2.2110091743119265,4,-0.059633027522935755,,4.0,4.333333333333333,7.0,,0.9375,16,15,0.0,X946e20cfaf,P215,APPROVED,Not Applicable,2026-07-17T21:29:38.368000Z,2026-07-17T22:17:19.703000Z,2026-07-17T22:17:20.368000Z,2026-07-17T22:18:20.394204Z,2862.0,C41KI5X9,412,English,Software Engineer / Developer,28,Male,Prefer not to say,Pakistan,Germany,Pakistan,Urdu,No,Full-Time,high,2026-07-17 15:39:28,True,False,1,28.0,-0.8821428571428569,0.0,0.0,0.0,,,0.0,1.0,0.0,2.6148972160331345,0.15968808929528944,1.0,0.0
P219,socratic,1,0,10,2.2110091743119265,4,-0.059633027522935755,,10.0,10.0,7.0,,0.5,16,8,0.25,,,,,,,,,,,,,,,,,,,,,,,,,False,False,0,,,,,,,,,,,,,1.0,0.0
P220,socratic,1,0,10,2.2110091743119265,4,-0.059633027522935755,,5.666666666666667,4.0,4.0,,0.5625,16,9,0.0,,,,,,,,,,,,,,,,,,,,,,,,,False,False,0,,,,,,,,,,,,,1.0,0.0
P221,unrestricted,0,1,10,2.2110091743119265,5,0.9403669724770642,,1.6666666666666667,3.6666666666666665,8.0,,0.875,16,14,0.0,,,,,,,,,,,,,,,,,,,,,,,,,False,False,0,,,,,,,,,,,,,0.0,1.0
P222,unrestricted,0,1,11,3.2110091743119265,4,-0.059633027522935755,,6.333333333333333,1.3333333333333333,6.666666666666667,,0.8125,16,13,0.0625,,,,,,,,,,,,,,,,,,,,,,,,,False,False,0,,,,,,,,,,,,,0.0,1.0
P223,socratic,1,0,7,-0.7889908256880735,2,-2.0596330275229358,,8.666666666666666,5.333333333333333,2.6666666666666665,,1.0,16,16,0.0,,,,,,,,,,,,,,,,,,,,,,,,,False,False,0,,,,,,,,,,,,,1.0,0.0
P224,google,0,0,9,1.2110091743119265,4,-0.059633027522935755,,5.0,6.666666666666667,3.3333333333333335,,0.6875,16,11,0.0625,,,,,,,,,,,,,,,,,,,,,,,,,False,False,0,,,,,,,,,,,,,0.0,0.0
P225,unrestricted,0,1,9,1.2110091743119265,5,0.9403669724770642,,3.3333333333333335,0.3333333333333333,9.0,,0.875,16,14,0.0,,,,,,,,,,,,,,,,,,,,,,,,,False,False,0,,,,,,,,,,,,,0.0,1.0
P226,unrestricted,0,1,8,0.21100917431192645,4,-0.059633027522935755,,9.666666666666666,4.0,0.3333333333333333,,0.625,16,10,0.1875,,,,,,,,,,,,,,,,,,,,,,,,,False,False,0,,,,,,,,,,,,,0.0,1.0
P227,google,0,0,10,2.2110091743119265,5,0.9403669724770642,,5.666666666666667,4.666666666666667,5.666666666666667,,0.9375,16,15,0.0,,,,,,,,,,,,,,,,,,,,,,,,,False,False,0,,,,,,,,,,,,,0.0,0.0
P228,socratic,1,0,11,3.2110091743119265,4,-0.059633027522935755,,7.333333333333333,2.6666666666666665,5.0,,0.8125,16,13,0.0625,,,,,,,,,,,,,,,,,,,,,,,,,False,False,0,,,,,,,,,,,,,1.0,0.0
P229,unrestricted,0,1,7,-0.7889908256880735,4,-0.059633027522935755,,10.0,6.333333333333333,7.333333333333333,,0.375,16,6,0.0,,,,,,,,,,,,,,,,,,,,,,,,,False,False,0,,,,,,,,,,,,,0.0,1.0
P230,unrestricted,0,1,10,2.2110091743119265,3,-1.0596330275229358,,8.0,8.0,6.0,,1.0,16,16,0.0,,,,,,,,,,,,,,,,,,,,,,,,,False,False,0,,,,,,,,,,,,,0.0,1.0
P231,socratic,1,0,7,-0.7889908256880735,4,-0.059633027522935755,,6.666666666666667,5.666666666666667,5.0,,0.9375,16,15,0.0,,,,,,,,,,,,,,,,,,,,,,,,,False,False,0,,,,,,,,,,,,,1.0,0.0
P232,google,0,0,8,0.21100917431192645,3,-1.0596330275229358,,9.666666666666666,9.666666666666666,0.0,,0.75,16,12,0.0625,,,,,,,,,,,,,,,,,,,,,,,,,False,False,0,,,,,,,,,,,,,0.0,0.0
P234,google,0,0,9,1.2110091743119265,5,0.9403669724770642,,6.333333333333333,6.666666666666667,4.333333333333333,,0.875,16,14,0.0,,,,,,,,,,,,,,,,,,,,,,,,,False,False,0,,,,,,,,,,,,,0.0,0.0
P235,google,0,0,8,0.21100917431192645,5,0.9403669724770642,,8.0,2.3333333333333335,6.666666666666667,,0.9375,16,15,0.0,,,,,,,,,,,,,,,,,,,,,,,,,False,False,0,,,,,,,,,,,,,0.0,0.0
P236,google,0,0,10,2.2110091743119265,3,-1.0596330275229358,,7.0,9.0,4.333333333333333,,0.6875,16,11,0.0625,,,,,,,,,,,,,,,,,,,,,,,,,False,False,0,,,,,,,,,,,,,0.0,0.0
P237,socratic,1,0,7,-0.7889908256880735,5,0.9403669724770642,,8.666666666666666,8.0,2.0,,0.8125,16,13,0.0,,,,,,,,,,,,,,,,,,,,,,,,,False,False,0,,,,,,,,,,,,,1.0,0.0
P238,socratic,1,0,7,-0.7889908256880735,5,0.9403669724770642,,8.333333333333334,8.0,5.0,,0.5625,16,9,0.0,,,,,,,,,,,,,,,,,,,,,,,,,False,False,0,,,,,,,,,,,,,1.0,0.0
P239,unrestricted,0,1,10,2.2110091743119265,5,0.9403669724770642,,2.0,0.3333333333333333,7.666666666666667,,0.8125,16,13,0.0,,,,,,,,,,,,,,,,,,,,,,,,,False,False,0,,,,,,,,,,,,,0.0,1.0
